INN;Name;site1;site2;site_list_org;orgname_keywords;orgname_keywords2;addr_keywords;site1_rates;site2_rates;site3_rates;site1_tot;site2_tot;site3_tot;site1_adr;site2_adr;site3_adr;site1_ul;site2_ul;site3_ul
7447010227;"АО ""ЧЭМК""";chemk.ru;chemk.ru;http://kilmz.ru;['ЧЭМК'];['ЧЕЛЯБИНСКИЙ', 'ЭЛЕКТРОМЕТАЛЛУРГИЧЕСКИЙ'];['ЧЕЛЯБИНСК', 'ТАНКОГРАДА'];[4, 4, 5, 1];[];[1, 0, 2, 0];14;0;3;5;0;2;1;0;0
7327012462;"ПАО ""Ульяновскэнерго""";ulenergo.ru;ulenergo.ru;ulenergo.ru;['УЛЬЯНОВСКЭНЕРГО'];[];['УЛЬЯНОВСК', 'СТАНКОСТРОИТЕЛЕЙ'];[3, 0, 8, 0];[];[];11;0;0;8;0;0;0;0;0
711008455;"АО ""Каббалкэнерго""";kabbalkenergo.ru;kabbalkenergo.ru;www.kabene.elektra.ru/;['КАББАЛКЭНЕРГО'];['МЕЖРЕГИОНАЛЬНАЯ'];['НАЛЬЧИК', 'ЩОРСА'];[18, 0, 4, 1];[];[];23;0;0;4;0;0;1;0;0
901000327;"АО ""Карачаево-Черкесскэнерго""";kchenergo.ru;;#Н/Д;['КАРАЧАЕВО-ЧЕРКЕССКЭНЕРГО'];[];[];[19, 0, 0, 0];[];[];19;0;0;0;0;0;0;0;0
1502002701;"АО ""Севкавказэнерго""";sevkavenergo.ru;sevkavenergo.ru;www.vladi.elektra.ru/;['СЕВКАВКАЗЭНЕРГО'];[];['ВЛАДИКАВКАЗ', 'ТАМАЕВА'];[24, 0, 5, 0];[];[];29;0;0;5;0;0;0;0;0
6315222985;"ПАО ""Самараэнерго""";samaraenergo.ru;samaraenergo.ru;www.aosamen.elektra.ru/;['САМАРАЭНЕРГО'];[];['САМАРА', 'МАЯКОВСКОГО'];[30, 0, 31, 0];[];[];61;0;0;31;0;0;0;0;0
3903007130;"ОАО ""Янтарьэнерго""";yantarenergo.ru;yantarenergo.ru;nrcreg.ru;['ЯНТАРЬЭНЕРГО'];[];['КАЛИНИНГРАД', 'ТЕАТРАЛЬНАЯ'];[14, 0, 24, 0];[];[0, 0, 0, 0];38;0;0;24;0;0;0;0;0
1500000113;"ПАО ""Электроцинк""";electrozinc.ugmk.com;electrozinc.ugmk.com;http://electrozinc.ugmk.com;['ЭЛЕКТРОЦИНК'];[];['ВЛАДИКАВКАЗ', 'ЗАВОДСКАЯ'];[23, 0, 0, 0];[];[23, 0, 0, 0];23;0;23;0;0;0;0;0;0
6450014808;"ПАО ""Саратовэнерго""";saratovenergo.ru;saratovenergo.ru;www.saren.ru;['САРАТОВЭНЕРГО'];[];['САРАТОВ', 'ЧЕРНЫШЕВСКОГО'];[6, 0, 11, 0];[];[0, 0, 0, 0];17;0;0;11;0;0;0;0;0
602013494;"АО ""Ингушэнерго""";ingush-energo.ru;rosseti.ru;http://ingush-energo.ru;['ИНГУШЭНЕРГО'];[];['ИНГУШЕТИЯ', 'НАЗРАНЬ', 'МУТАЛИЕВА'];[13, 0, 7, 1];[0, 0, 0, 0];[13, 0, 7, 1];21;0;21;7;0;7;1;0;1
8602060185;"ОАО ""Тюменьэнерго""";te.ru;te.ru;www.surgut.elektra.ru;['ТЮМЕНЬЭНЕРГО'];[];['ТЮМЕНСКАЯ', 'СУРГУТ', 'УНИВЕРСИТЕТСКАЯ'];[];[];[];0;0;0;0;0;0;0;0;0
4200000333;"АО ""Кузбассэнерго""";sibgenco.ru;companies/ao-kuzbassenergo/;www.kuzbassenergo.ru;['КУЗБАССЭНЕРГО'];['СИБИРСКАЯ', 'ГЕНЕРИРУЮЩАЯ'];['БАРНАУЛ', 'БРИЛЛИАНТОВАЯ'];[0, 8, 1, 0];[15, 16, 8, 0];[];9;39;0;1;8;0;0;0;0
7705035012;"ПАО ""Мосэнерго""";mosenergo.ru;mosenergo.ru;www.mosenergo.ru;['МОСЭНЕРГО'];[];['МОСКВА', 'РАУШСКАЯ'];[20, 0, 2, 0];[];[20, 0, 2, 0];22;0;22;2;0;2;0;0;0
3435900186;"АО ""ВТЗ""";vtz.tmk-group.ru;;acsesscase.ru;['ВТЗ'];['ВОЛЖСКИЙ', 'ТРУБНЫЙ'];['ВОЛГОГРАДСКАЯ', 'ВОЛЖСКИЙ', 'АВТОДОРОГА'];[7, 13, 8, 1];[];[];29;0;0;8;0;0;1;0;0
6612005052;"АО ""РУСАЛ Урал""";uaz.rusal.ru;baz.rusal.ru;www.sual.ru;['РУСАЛ', 'УРАЛ'];['ОБЪЕДИНЕННАЯ', 'УРАЛЬСКИЙ', 'АЛЮМИНИЙ'];['СВЕРДЛОВСКАЯ', 'КАМЕНСК-УРАЛЬСКИЙ', 'ОКТЯБРЬСКАЯ'];[20, 5, 6, 0];[22, 5, 4, 0];[];31;31;0;6;4;0;0;0;0
5921002018;"АО ""ЧМЗ""";chmz.net;cmz.ru;http://chmz.ru;['ЧМЗ'];['ЧУСОВСКОЙ', 'МЕТАЛЛУРГИЧЕСКИЙ'];['ПЕРМСКИЙ', 'ЧУСОВОЙ', 'ТРУДОВАЯ'];[9, 0, 0, 0];[9, 0, 0, 0];[15, 24, 6, 2];9;9;47;0;0;6;0;0;2
1701029232;"ОАО ""Тываэнерго""";tuvaenergo.ru;tuvaenergo.ru;0;['ТЫВАЭНЕРГО'];[];['КЫЗЫЛ', 'КОЛХОЗНАЯ'];[];[];[];0;0;0;0;0;0;0;0;0
2632021520;"ОАО ""Пятигорские электрические сети""";elseti.ru;;elseti.ru;['ПЯТИГОРСКИЕ', 'ЭЛЕКТРИЧЕСКИЕ', 'СЕТИ'];[];['СТАВРОПОЛЬСКИЙ', 'ПЯТИГОРСК', 'ДУНАЕВСКОГО'];[15, 0, 9, 0];[];[15, 0, 9, 0];24;0;24;9;0;9;0;0;0
1501000010;"АО ""Победит""";ao-pobedit.ru;ao-pobedit.ru;0;['ПОБЕДИТ'];[];['ВЛАДИКАВКАЗ', 'ЗАВОДСКАЯ'];[5, 0, 3, 1];[];[];9;0;0;3;0;0;1;0;0
5247004695;"ОАО ""ВМЗ""";omk.ru;vmz/;www.vsw.ru;['ВМЗ'];['ВЫКСУНСКИЙ', 'МЕТАЛЛУРГИЧЕСКИЙ'];['НИЖЕГОРОДСКАЯ', 'ВЫКСА', 'БАТАШЕВЫХ'];[3, 8, 1, 0];[8, 24, 6, 2];[3, 8, 1, 0];12;40;12;1;6;1;0;2;0
5835009394;"ОАО ""Пензхиммаш""";phimmash.ru;phimmash.ru;www.autofan58.ru;['ПЕНЗХИММАШ'];['ПЕНЗЕНСКИЙ', 'ХИМИЧЕСКОГО', 'МАШИНОСТРОЕНИЯ'];['ПЕНЗА', 'ТИТОВА'];[5, 3, 2, 1];[];[0, 0, 2, 0];11;0;2;2;0;2;1;0;0
6440001060;"ОАО ""Балтекс""";newbaltex.ru;BaltTex.ru;#Н/Д;['БАЛТЕКС'];[];[];[15, 0, 0, 0];[1, 0, 0, 0];[];15;1;0;0;0;0;0;0;0
3442050780;"ЗАО ""ВМЗ ""Красный Октябрь""""";vmzko.ru;Page/Index/497;0;['ВМЗ', 'КРАСНЫЙ', 'ОКТЯБРЬ'];['ВОЛГОГРАДСКИЙ', 'МЕТАЛЛУРГИЧЕСКИЙ'];['ВОЛГОГРАД', 'ЛЕНИНА'];[10, 3, 1, 0];[28, 8, 5, 0];[];14;41;0;1;5;0;0;0;0
3127000014;"АО ""Лебединский ГОК""";metalloinvest.com;business/mining-segment/lgok/…;http://www.metalloinvest.com/business/mining-segment/lgok/;['ЛЕБЕДИНСКИЙ', 'ГОК'];['ГОРНО-ОБОГАТИТЕЛЬНЫЙ'];['БЕЛГОРОДСКАЯ', 'ГУБКИН', 'П/О-11'];[4, 0, 0, 0];[0, 0, 0, 0];[34, 0, 0, 0];4;0;34;0;0;0;0;0;0
7525003389;"ОАО ""Жирекенский ГОК""";sibindustry.ru;firm.asp?prm=58276;0;['ЖИРЕКЕНСКИЙ', 'ГОК'];['ГОРНО-ОБОГАТИТЕЛЬНЫЙ'];['ЧИТИНСКАЯ', 'ЧЕРНЫШЕВСКИЙ', 'ЖИРЕКЕН'];[0, 0, 0, 0];[4, 2, 8, 6];[];0;20;0;0;8;0;0;6;0
7709317988;"ООО ""Энермет""";энермет.рф;энермет.рф;0;['ЭНЕРМЕТ'];[];['МОСКВА', 'ВОЛГОГРАДСКИЙ'];[6, 0, 0, 0];[];[];6;0;0;0;0;0;0;0;0
3800000220;"ПАО ""Иркутскэнерго""";irkutskenergo.ru;irkutskenergo.ru;www.irkutskenergo.ru;['ИРКУТСКЭНЕРГО'];[];['ИРКУТСК', 'СУХЭ-БАТОРА'];[12, 0, 12, 0];[];[12, 0, 12, 0];24;0;24;12;0;12;0;0;0
5834001025;"ПАО ""Биосинтез""";biosintez.com;biosintez.com;www.biosintez.com;['БИОСИНТЕЗ'];[];['ПЕНЗА', 'ДРУЖБЫ'];[0, 0, 0, 0];[];[0, 0, 0, 0];0;0;0;0;0;0;0;0;0
7445020452;"ООО ""МЭК""";mek-el.ru;mec.ru;www.esbt74.ru;['МЭК'];['МАГНИТОГОРСКАЯ', 'ЭНЕРГЕТИЧЕСКАЯ'];['ЧЕЛЯБИНСКАЯ', 'МАГНИТОГОРСК', 'ПУШКИНА'];[34, 0, 0, 0];[2, 2, 0, 0];[0, 0, 0, 0];34;4;0;0;0;0;0;0;0
4217039402;"ООО ""Металлэнергофинанс""";mef.ru;mef.ru;0;['МЕТАЛЛЭНЕРГОФИНАНС'];[];['КЕМЕРОВСКАЯ', 'НОВОКУЗНЕЦК', 'БАРДИНА'];[7, 0, 4, 0];[];[];11;0;0;4;0;0;0;0;0
4633013798;"АО ""КМА - Энергосбыт""";offerrum.com;;0;['КМА-ЭНЕРГОСБЫТ'];[];['КУРСКАЯ', 'ЖЕЛЕЗНОГОРСК', 'ЛЕНИНА'];[0, 0, 0, 0];[];[];0;0;0;0;0;0;0;0;0
7706284124;"ООО ""РУСЭНЕРГОСБЫТ""";ruses.ru;ruses.ru;0;['РУСЭНЕРГОСБЫТ'];[];['МОСКВА', 'ЯКИМАНКА'];[];[];[];0;0;0;0;0;0;0;0;0
7705424509;"АО ""ЭК ""Восток""";vostok-electra.ru;tyumen.vostok-electra.ru;www.vostok-electra.ru;['ВОСТОК'];['ЭНЕРГОСБЫТОВАЯ'];['МОСКВА', 'БУРДЕНКО'];[];[];[];0;0;0;0;0;0;0;0;0
2205001753;"ОАО ""Алтай-Кокс""";altai.nlmk.com;ru/;altkoks.altai.su;['АЛТАЙ-КОКС'];[];['АЛТАЙСКИЙ', 'ЗАРИНСК'];[60, 0, 15, 14];[60, 0, 15, 14];[];89;89;0;15;15;0;14;14;0
1435028701;"ПАО ""Якутскэнерго""";yakutskenergo.ru;yakutskenergo.ru;www.yakute.elektra.ru;['ЯКУТСКЭНЕРГО'];[];['ЯКУТСК', 'ПОПОВА'];[0, 0, 0, 0];[];[];0;0;0;0;0;0;0;0;0
7725054856;"ОАО ""ВТИ""";vti.ru;vti.ru;www.vti.ru;['ВТИ'];['ВСЕРОССИЙСКИЙ', 'ДВАЖДЫ', 'ОРДЕНА', 'ТРУДОВОГО', 'КРАСНОГО', 'ЗНАМЕНИ', 'ТЕПЛОТЕХНИЧЕСКИЙ', 'НАУЧНО-ИССЛЕДОВАТЕЛЬСКИЙ', 'ИНСТИТУТ'];['МОСКВА', 'АВТОЗАВОДСКАЯ'];[24, 36, 6, 1];[];[24, 36, 6, 1];67;0;67;6;0;6;1;0;1
7530000048;"ПАО ""ППГХО""";priargunsky.armz.ru;priargunsky.armz.ru;http://priargunsky.armz.ru;['ППГХО'];['ПРИАРГУНСКОЕ', 'ПРОИЗВОДСТВЕННОЕ', 'ГОРНО-ХИМИЧЕСКОЕ', 'ОБЪЕДИНЕНИЕ'];['ЧИТИНСКАЯ', 'КРАСНОКАМЕНСК', 'МКР'];[16, 0, 3, 0];[];[16, 0, 3, 0];19;0;19;3;0;3;0;0;0
7710430593;"АО ""Транссервисэнерго""";tsenergo.ru;tsenergo.ru;http://tsenergo.ru;['ТРАНССЕРВИСЭНЕРГО'];[];['МОСКВА', 'ЛЕНИНСКИЙ'];[4, 0, 0, 0];[];[4, 0, 0, 0];4;0;4;0;0;0;0;0;0
1826002275;"ОАО ""Ижевский автомобильный завод""";ladaizhevsk.ru;;#Н/Д;['ИЖЕВСКИЙ', 'АВТОМОБИЛЬНЫЙ'];[];[];[6, 0, 0, 0];[];[];6;0;0;0;0;0;0;0;0
7704181109;"ООО ""МАРЭМ +""";maremplus.ru;maremplus.ru;0;['МАРЭМ'];['МЕЖРЕГИОНАЛЬНОЕ', 'АГЕНТСТВО', 'РЫНКА', 'ЭЛЕКТРОЭНЕРГИИ', 'МОЩНОСТИ'];['МОСКВА', 'ЩЕПКИНА'];[19, 19, 0, 0];[];[];38;0;0;0;0;0;0;0;0
3666092377;"АО ""АтомСбыт""";atomsbyt.ru;atomsbyt.ru;http://atomsbyt.ru;['АТОМСБЫТ'];['ЭНЕРГЕТИЧЕСКАЯ'];['ВОРОНЕЖСКАЯ', 'ВОРОНЕЖ', 'ДЗЕРЖИНСКОГО'];[10, 2, 9, 1];[];[10, 2, 9, 1];22;0;22;9;0;9;1;0;1
2020004046;"ОАО ""Нурэнерго""";rosseti.ru;about/sites/?ELEMENT_ID=12338;http://nurenergo.ru;['НУРЭНЕРГО'];[];['ГРОЗНЫЙ', 'СТАРОПРОМЫСЛОВСКОЕ'];[0, 0, 0, 0];[6, 0, 2, 1];[0, 0, 0, 0];0;9;0;0;2;0;0;1;0
3444103821;"АО ""ОЭК""";uneco.ru;oek.spb.ru;http://voec.ru;['ОЭК'];['ОПТОВАЯ', 'ЭЛЕКТРИЧЕСКАЯ'];['ВОЛГОГРАД', 'СКОСЫРЕВА'];[10, 0, 0, 0];[7, 0, 0, 0];[2, 7, 3, 0];10;7;12;0;0;3;0;0;0
4029030252;"ПАО ""Калужская сбытовая компания""";ksc.kaluga.ru;;www.ksc.kaluga.ru;['КАЛУЖСКАЯ', 'СБЫТОВАЯ'];[];['КАЛУГА', 'СУВОРОВА'];[0, 0, 0, 0];[];[0, 0, 0, 0];0;0;0;0;0;0;0;0;0
7705018828;"ОАО ""Нижегородская ГЭС""";nizhges.rushydro.ru;nizhges.rushydro.ru;#Н/Д;['НИЖЕГОРОДСКАЯ', 'ГЭС'];[];[];[];[];[];0;0;0;0;0;0;0;0;0
3123110760;"АО ""Белгородэнергосбыт""";belsbyt.ru;;www.pskenergo.ru;['БЕЛГОРОДЭНЕРГОСБЫТ'];['БЕЛГОРОДСКАЯ', 'СБЫТОВАЯ'];['БЕЛГОРОД', 'НАРОДНЫЙ'];[2, 4, 4, 0];[];[0, 5, 3, 0];10;0;8;4;0;3;0;0;0
3250056153;"ОАО ""Брянскэнергосбыт""";elektro-32.ru;elektro-32.ru;www.elektro-32.ru;['БРЯНСКЭНЕРГОСБЫТ'];[];['БРЯНСК', 'ТЮТЧЕВА'];[];[];[9, 0, 20, 0];0;0;29;0;0;20;0;0;0
3663050467;"ПАО ""ТНС энерго Воронеж""";voronezh.tns-e.ru;voronezh.tns-e.ru;www.car-don.ru;['ТНС', 'ЭНЕРГО', 'ВОРОНЕЖ'];[];['ВОРОНЕЖСКАЯ', 'ВОРОНЕЖ', 'МЕРКУЛОВА'];[75, 0, 19, 0];[];[2, 0, 2, 0];94;0;4;19;0;2;0;0;0
4822001244;"ОАО ""ЛЭСК""";lesk.ru;;http://lesk.ru;['ЛЭСК'];['ЛИПЕЦКАЯ', 'ЭНЕРГОСБЫТОВАЯ'];['ЛИПЕЦКАЯ', 'ЛИПЕЦК', 'ПОБЕДЫ'];[];[];[];0;0;0;0;0;0;0;0;0
3017041554;"ПАО ""Астраханская энергосбытовая компания""";astsbyt.ru;astsbyt.ru;www.astsbyt.ru;['АСТРАХАНСКАЯ', 'ЭНЕРГОСБЫТОВАЯ'];[];['АСТРАХАНЬ', 'НАБЕРЕЖНАЯ'];[10, 0, 0, 0];[];[10, 0, 0, 0];10;0;10;0;0;0;0;0;0
2128700232;"АО ""Чувашская энергосбытовая компания""";sme.ch-sk.ru;company.ch-sk.ru;www.ch-sk.ru;['ЧУВАШСКАЯ', 'ЭНЕРГОСБЫТОВАЯ'];[];['ЧЕБОКСАРЫ'];[32, 0, 2, 2];[32, 0, 2, 2];[30, 0, 2, 2];36;36;34;2;2;2;2;2;2
6229049014;"ПАО ""РЭСК""";resk.ru;resk.ru;0;['РЭСК'];['РЯЗАНСКАЯ', 'ЭНЕРГЕТИЧЕСКАЯ', 'СБЫТОВАЯ'];['РЯЗАНЬ', 'МОГЭС'];[2, 24, 2, 0];[];[];28;0;0;2;0;0;0;0;0
3702065117;"ОАО ""Ивэнергосбыт""";ivenergosbyt.energoportal.ru;;0;['ИВЭНЕРГОСБЫТ'];[];['ИВАНОВО', 'КАЛИНИНА'];[14, 0, 3, 1];[];[];18;0;0;3;0;0;1;0;0
1001012875;"АО ""ТНС энерго Карелия""";karelia.tns-e.ru;karelia.tns-e.ru;www.ruses.ru;['ТНС', 'ЭНЕРГО', 'КАРЕЛИЯ'];[];['ПЕТРОЗАВОДСК', 'КИРОВА'];[70, 0, 0, 0];[];[];70;0;0;0;0;0;0;0;0
6661105959;"ЗАО ""ЭПК""";eic.ru;eic.ru;http://eic.ru;['ЭПК'];['ЭНЕРГОПРОМЫШЛЕННАЯ'];['ЕКАТЕРИНБУРГ', 'ФРУНЗЕ'];[2, 5, 3, 1];[];[2, 5, 3, 1];11;0;11;3;0;3;1;0;1
6829010210;"ПАО ""Тамбовская энергосбытовая компания""";tesk.su;tesk.su;www.tesk.tmb.ru;['ТАМБОВСКАЯ', 'ЭНЕРГОСБЫТОВАЯ'];[];['ТАМБОВ', 'МОРШАНСКОЕ'];[17, 0, 11, 0];[];[17, 0, 11, 0];28;0;28;11;0;11;0;0;0
1215099739;"ПАО ""ТНС энерго Марий Эл""";mari-el.tns-e.ru;mari-el.tns-e.ru;http://marienergosbyt.ru;['ТНС', 'ЭНЕРГО', 'МАРИЙ'];[];['ЙОШКАР-ОЛА', 'ПАНФИЛОВА'];[74, 0, 0, 0];[];[74, 0, 0, 0];74;0;74;0;0;0;0;0;0
1326181763;"ЗАО ""ЭСКОМ""";escom.pro;escom.pro;#Н/Д;['ЭСКОМ'];[];[];[27, 0, 0, 0];[];[];27;0;0;0;0;0;0;0;0
6168002922;"ПАО ""ТНС энерго Ростов-на-Дону""";rostov.tns-e.ru;rostov.tns-e.ru;maccase.ru;['ТНС', 'ЭНЕРГО', 'РОСТОВ-НА-ДОНУ'];[];['РОСТОВ-НА-ДОНУ', '2-Я'];[81, 0, 13, 0];[];[2, 0, 0, 0];94;0;2;13;0;0;0;0;0
7606052264;"ПАО ""ТНС энерго Ярославль""";yar.tns-e.ru;;www.yrsk.ru;['ТНС', 'ЭНЕРГО', 'ЯРОСЛАВЛЬ'];[];['ЯРОСЛАВЛЬ', 'ЛЕНИНА'];[69, 0, 11, 0];[];[];80;0;0;11;0;0;0;0;0
4401050567;"ПАО ""Костромская сбытовая компания""";k-sc.ru;k-sc.ru;#Н/Д;['КОСТРОМСКАЯ', 'СБЫТОВАЯ'];[];[];[28, 0, 0, 0];[];[];28;0;0;0;0;0;0;0;0
6027084016;"АО ""Псковэнергосбыт""";pskovenergosbit.ru;pskovenergosbit.ru;www.pskovenergosbit.ru;['ПСКОВЭНЕРГОСБЫТ'];[];['ПСКОВ', 'ЗАВОДСКАЯ'];[45, 0, 76, 0];[];[45, 0, 76, 0];121;0;121;76;0;76;0;0;0
7722245108;"ООО ""МЕЧЕЛ-ЭНЕРГО""";mechel-energo.ru;mechel-energo.ru;0;['МЕЧЕЛ-ЭНЕРГО'];[];['МОСКВА', 'КРАСНОАРМЕЙСКАЯ'];[17, 0, 1, 0];[];[];18;0;0;1;0;0;0;0;0
3445071523;"ПАО ""Волгоградэнергосбыт""";energosale34.ru;energosale34.ru;www.energosale34.ru;['ВОЛГОГРАДЭНЕРГОСБЫТ'];[];['ВОЛГОГРАД', 'КОЗЛОВСКАЯ'];[13, 0, 14, 0];[];[13, 0, 14, 0];27;0;27;14;0;14;0;0;0
6901068245;"ОАО ""Тверьэнергосбыт""";tveresk.ru;tveresk.ru;http://atomsbt.ru;['ТВЕРЬЭНЕРГОСБЫТ'];[];['ТВЕРЬ', 'ПЕТЕРБУРГСКОЕ'];[7, 0, 9, 1];[];[];17;0;0;9;0;0;1;0;0
1326192645;"ПАО ""Мордовская энергосбытовая компания""";mesk.ru;mesk.ru;#Н/Д;['МОРДОВСКАЯ', 'ЭНЕРГОСБЫТОВАЯ'];[];[];[13, 0, 0, 0];[];[];13;0;0;0;0;0;0;0;0
7451213318;"ПАО ""Челябэнергосбыт""";esbt74.ru;esbt74.ru;www.mrsk-ural.ru;['ЧЕЛЯБЭНЕРГОСБЫТ'];[];['ЧЕЛЯБИНСК', 'РОССИЙСКАЯ'];[6, 0, 1, 0];[];[0, 0, 6, 1];7;0;7;1;0;6;0;0;1
7805060502;"ЗАО ""КировТЭК""";kirovtek.ru;kirovtek.ru;http://kirovtek.ru;['КИРОВТЭК'];[];['САНКТ-ПЕТЕРБУРГ', 'СТАЧЕК'];[4, 0, 5, 2];[];[4, 0, 5, 2];11;0;11;5;0;5;2;0;2
7727232575;"АО ""ЕЭСнК""";eesnk.ru;;0;['ЕЭСНК'];['ЕДИНАЯ', 'ЭНЕРГОСНАБЖАЮЩАЯ'];['МОСКВА', 'БАЛАКЛАВСКИЙ'];[0, 0, 0, 0];[];[];0;0;0;0;0;0;0;0;0
5260148520;"ПАО ""ТНС энерго НН""";nn.tns-e.ru;vk.com;ekdostavka.ru;['ТНС', 'ЭНЕРГО'];['НИЖНИЙ', 'НОВГОРОД'];['НОВГОРОД', 'БЕКЕТОВА'];[44, 7, 4, 0];[0, 0, 0, 0];[0, 12, 7, 0];55;0;19;4;0;7;0;0;0
2901134250;"ПАО ""Архэнергосбыт""";energybase.ru;;www.arsk.ru;['АРХЭНЕРГОСБЫТ'];['АРХАНГЕЛЬСКАЯ', 'СБЫТОВАЯ'];['АРХАНГЕЛЬСК', 'КАНАЛ'];[0, 6, 2, 0];[];[];8;0;0;2;0;0;0;0;0
2626033550;"ПАО ""Ставропольэнергосбыт""";staves.ru;staves.ru;www.staves.ru;['СТАВРОПОЛЬЭНЕРГОСБЫТ'];[];['СТАВРОПОЛЬСКИЙ', 'ПЯТИГОРСК', 'ДЗЕРЖИНСКОГО'];[0, 0, 0, 0];[];[0, 0, 0, 0];0;0;0;0;0;0;0;0;0
5904123809;"ПАО ""Пермэнергосбыт""";permenergosbyt.ru;;авторитет59.рф;['ПЕРМЭНЕРГОСБЫТ'];['ПЕРМСКАЯ', 'ЭНЕРГОСБЫТОВАЯ'];['ПЕРМЬ', 'КОМСОМОЛЬСКИЙ'];[14, 0, 1, 0];[];[];15;0;0;1;0;0;0;0;0
7017114680;"ПАО ""Томскэнергосбыт""";ensb.tomsk.ru;ensb.tomsk.ru;applehunter.ru;['ТОМСКЭНЕРГОСБЫТ'];['ТОМСКАЯ', 'ЭНЕРГОСБЫТОВАЯ'];['ТОМСК', 'КОТОВСКОГО'];[16, 0, 23, 1];[];[0, 0, 0, 0];40;0;0;23;0;0;1;0;0
7736520080;"АО ""Мосэнергосбыт""";lkkbyt.mosenergosbyt.ru;vk.com;0;['МОСЭНЕРГОСБЫТ'];[];['МОСКВА', 'ВАВИЛОВА'];[4, 0, 0, 0];[0, 0, 0, 0];[];4;0;0;0;0;0;0;0;0
1901067690;"АО ""Хакасэнергосбыт""";khakensb.ru;khakensb.ru;0;['ХАКАСЭНЕРГОСБЫТ'];[];['АБАКАН', 'КРЫЛОВА'];[];[];[];0;0;0;0;0;0;0;0;0
8602067215;"АО ""Газпром энергосбыт Тюмень""";gesbt.ru;;www.tmesk.ru;['ГАЗПРОМ', 'ЭНЕРГОСБЫТ', 'ТЮМЕНЬ'];[];['ТЮМЕНСКАЯ', 'СУРГУТ', 'ГРЭС-2'];[29, 0, 4, 0];[];[29, 0, 4, 0];33;0;33;4;0;4;0;0;0
5612042824;"АО ""ЭнергосбыТ Плюс""";esplus.ru;ekb.esplus.ru;oren.esplus.ru;['ЭНЕРГОСБЫТ', 'ПЛЮС'];[];['ОРЕНБУРГ', 'АКСАКОВА'];[18, 0, 2, 0];[40, 0, 0, 0];[40, 0, 8, 0];20;40;48;2;0;8;0;0;0
541031172;"ПАО ""Дагестанская энергосбытовая компания""";dag-esk.ru;dag-esk.ru;0;['ДАГЕСТАНСКАЯ', 'ЭНЕРГОСБЫТОВАЯ'];[];['МАХАЧКАЛА', 'ДАХАДАЕВА'];[16, 0, 4, 1];[];[];21;0;0;4;0;0;1;0;0
5030040730;"ООО ""ЛУКОЙЛ-ЭНЕРГОСЕРВИС""";eservice.lukoil.ru;eservice.lukoil.ru;0;['ЛУКОЙЛ-ЭНЕРГОСЕРВИС'];[];['МОСКОВСКАЯ', 'НАРО-ФОМИНСК', 'ЕФРЕМОВА'];[7, 0, 1, 0];[];[];8;0;0;1;0;0;0;0;0
6625004271;"ОАО ""ПНТЗ""";pntz.net;chelpipe.ru;www.pntz.ru;['ПНТЗ'];['ПЕРВОУРАЛЬСКИЙ', 'НОВОТРУБНЫЙ'];['СВЕРДЛОВСКАЯ', 'ПЕРВОУРАЛЬСК', 'ТОРГОВАЯ'];[0, 0, 0, 0];[4, 2, 5, 0];[];0;11;0;0;5;0;0;0;0
4823006703;"ПАО ""НЛМК""";nlmk.shop;;www.nlmk.ru;['НЛМК'];['НОВОЛИПЕЦКИЙ', 'МЕТАЛЛУРГИЧЕСКИЙ'];['ЛИПЕЦК', 'МЕТАЛЛУРГОВ'];[28, 2, 4, 1];[];[0, 0, 0, 0];35;0;0;4;0;0;1;0;0
3525154831;"ПАО ""Вологдаэнергосбыт""";vscenergo.ru;;http://vscenergo.ru;['ВОЛОГДАЭНЕРГОСБЫТ'];['ВОЛОГОДСКАЯ', 'СБЫТОВАЯ'];['ВОЛОГДА', 'ПРЕЧИСТЕНСКАЯ'];[];[];[];0;0;0;0;0;0;0;0;0
7841322249;"АО ""Петербургская сбытовая компания""";pesc.ru;pesc.ru;www.pesc.ru;['ПЕТЕРБУРГСКАЯ', 'СБЫТОВАЯ'];[];['САНКТ-ПЕТЕРБУРГ', 'МИХАЙЛОВА'];[13, 0, 3, 1];[];[13, 0, 3, 1];17;0;17;3;0;3;1;0;1
2466132221;"ПАО ""Красноярскэнергосбыт""";krsk-sbit.ru;krsk-sbit.ru;lacanto.ru;['КРАСНОЯРСКЭНЕРГОСБЫТ'];[];['КРАСНОЯРСК', 'ДУБРОВИНСКОГО'];[20, 0, 26, 1];[];[];47;0;0;26;0;0;1;0;0
7534018889;"ПАО ""ТГК-14""";tgk-14.com;tgk-14.com;www.alphacompro.ru;['ТГК-14'];['ТЕРРИТОРИАЛЬНАЯ', 'ГЕНЕРИРУЮЩАЯ'];['ЧИТА', 'ЛАЗО'];[29, 4, 3, 0];[];[];36;0;0;3;0;0;0;0;0
2128701733;"ОАО ""ТГК-5""";energybase.ru;;#Н/Д;['ТГК-5'];[];[];[0, 0, 0, 0];[];[];0;0;0;0;0;0;0;0;0
1901067718;"ОАО ""Хакасская генерирующая компания""";sibgenco.ru;companies/eniseyskaya-tgk-tgk-13/;0;['ХАКАССКАЯ', 'ГЕНЕРИРУЮЩАЯ'];['ЕНИСЕЙСКАЯ', 'ТЕРРИТОРИАЛЬНАЯ', '(ТГК-13)'];['КРАСНОЯРСК', 'БОГРАДА'];[4, 0, 1, 0];[7, 32, 25, 0];[];5;64;0;1;25;0;0;0;0
7841312071;"ПАО ""ТГК-1""";tgc1.ru;tgc1.ru;www.tgk1.ru;['ТГК-1'];['ТЕРРИТОРИАЛЬНАЯ', 'ГЕНЕРИРУЮЩАЯ'];['САНКТ-ПЕТЕРБУРГ', 'ДОБРОЛЮБОВА'];[17, 0, 9, 2];[];[17, 0, 9, 2];28;0;28;9;0;9;2;0;2
6315376946;"ПАО ""Т Плюс""";tplusgroup.ru;tplusgroup.ru;0;['ПЛЮС'];[];['САМАРА', 'МАЯКОВСКОГО'];[31, 0, 0, 0];[];[];31;0;0;0;0;0;0;0;0
2320109650;"ОАО ""Сочинская ТЭС""";irao-generation.ru;;0;['СОЧИНСКАЯ', 'ТЭС'];['ИНТЕР', 'РАО', 'ЕЭС'];['КРАСНОДАРСКИЙ', 'СОЧИ', 'ЛИБКНЕХТА'];[6, 15, 1, 0];[];[];22;0;0;1;0;0;0;0;0
7706525041;"ООО ""РН-Энерго""";rn-energo.ru;rn-energo.ru;0;['РН-ЭНЕРГО'];[];['МОСКВА', 'СОФИЙСКАЯ'];[8, 0, 0, 0];[];[];8;0;0;0;0;0;0;0;0
4716016979;"ПАО ""ФСК ЕЭС""";fsk-ees.ru;fsk-ees.ru;http://www.fsk-ees.ru/;['ФСК', 'ЕЭС'];['ФЕДЕРАЛЬНАЯ', 'СЕТЕВАЯ', 'ЕДИНОЙ', 'ЭНЕРГЕТИЧЕСКОЙ', 'СИСТЕМЫ'];['МОСКВА', 'ЧЕЛОМЕЯ'];[96, 13, 0, 0];[];[96, 13, 0, 0];109;0;109;0;0;0;0;0;0
7536066430;"АО ""Читаэнергосбыт""";e-sbyt.ru;documents.e-sbyt.ru;oboronenergo.su;['ЧИТАЭНЕРГОСБЫТ'];[];['ЧИТА', 'РАБОЧЕГО'];[10, 0, 13, 0];[10, 0, 13, 0];[0, 0, 1, 0];23;23;1;13;13;1;0;0;0
2607018122;"ПАО ""ОГК-2""";ogk2.ru;ogk2.ru;0;['ОГК-2'];['ВТОРАЯ', 'ГЕНЕРИРУЮЩАЯ', 'ОПТОВОГО', 'РЫНКА', 'ЭЛЕКТРОЭНЕРГИИ'];['СТАВРОПОЛЬСКИЙ', 'ИЗОБИЛЬНЕНСКИЙ', 'СОЛНЕЧНОДОЛЬСК'];[26, 2, 0, 0];[];[];28;0;0;0;0;0;0;0;0
814166090;"АО ""Калмэнергосбыт""";gp-kes.ru;facebook.com;http://sbytrk.ru;['КАЛМЭНЕРГОСБЫТ'];[];['ЭЛИСТА', 'ЛЕНИНА'];[13, 0, 1, 0];[0, 0, 0, 0];[13, 0, 1, 0];14;0;14;1;0;1;0;0;0
7706288496;"ООО ""РУСЭНЕРГОРЕСУРС""";rusenres.ru;rusenres.ru;0;['РУСЭНЕРГОРЕСУРС'];[];['МОСКВА', 'ЛЕНИНСКИЙ'];[6, 0, 0, 0];[];[];6;0;0;0;0;0;0;0;0
2460066196;"ОАО ""ГидроОГК""";mc.rushydro.ru;rushydro.ru;#Н/Д;['ГИДРООГК'];[];[];[5, 0, 0, 0];[2, 0, 0, 0];[];5;2;0;0;0;0;0;0;0
7704550388;"ООО ""Межрегионсбыт""";mrsb.ru;mrsb.ru;0;['МЕЖРЕГИОНСБЫТ'];[];['МОСКВА', 'ВОРОНЦОВСКАЯ'];[3, 0, 1, 0];[];[];4;0;0;1;0;0;0;0;0
4211016825;"ООО ""Энергосбытовая компания ""Энергосервис""";gisee.ru;;#Н/Д;['ЭНЕРГОСБЫТОВАЯ', 'ЭНЕРГОСЕРВИС'];[];[];[2, 0, 0, 0];[];[];2;0;0;0;0;0;0;0;0
4205109214;"ПАО ""Кузбассэнергосбыт""";kuzesc.ru;kuzesc.ru;www.кузбассэнергосбыт.рф;['КУЗБАССЭНЕРГОСБЫТ'];['КУЗБАССКАЯ', 'ЭНЕРГЕТИЧЕСКАЯ', 'СБЫТОВАЯ'];['КЕМЕРОВО', 'ЛЕНИНА'];[0, 0, 0, 0];[];[0, 0, 0, 0];0;0;0;0;0;0;0;0;0
8602067092;"ПАО ""Юнипро""";unipro.energy;unipro.energy;0;['ЮНИПРО'];[];['ТЮМЕНСКАЯ', 'СУРГУТ', 'ГРЭС-2'];[7, 0, 2, 1];[];[];10;0;0;2;0;0;1;0;0
1101301856;"АО ""Коми энергосбытовая компания""";komiesc.ru;;www.tgk9.ru;['КОМИ', 'ЭНЕРГОСБЫТОВАЯ'];[];['СЫКТЫВКАР', 'ЮХНИНА'];[13, 0, 3, 0];[];[7, 0, 0, 0];16;0;7;3;0;0;0;0;0
7606053324;"ПАО ""ТГК-2""";tgc-2.ru;tgc-2.ru;76kovka.ru;['ТГК-2'];['ТЕРРИТОРИАЛЬНАЯ', 'ГЕНЕРИРУЮЩАЯ'];['ЯРОСЛАВЛЬ', 'ОКТЯБРЯ'];[17, 10, 1, 0];[];[0, 0, 0, 0];28;0;0;1;0;0;0;0;0
4501122913;"ПАО ""КГК""";kgk-kurgan.ru;;www.kgk-kurgan.ru;['КГК'];['КУРГАНСКАЯ', 'ГЕНЕРИРУЮЩАЯ'];['КУРГАНСКАЯ', 'КУРГАН', 'КОНСТИТУЦИИ'];[4, 7, 15, 0];[];[4, 7, 15, 0];26;0;26;15;0;15;0;0;0
2308119595;"ПАО ""ТНС энерго Кубань""";kuban.tns-e.ru;kuban.tns-e.ru;www.kubansbyt.ru;['ТНС', 'ЭНЕРГО', 'КУБАНЬ'];[];['КРАСНОДАР', 'ГИМНАЗИЧЕСКАЯ'];[73, 0, 4, 0];[];[];77;0;0;4;0;0;0;0;0
2224103849;"АО ""Алтайэнергосбыт""";altaiensb.com;altaiensb.com;www.altaienergo.ru;['АЛТАЙЭНЕРГОСБЫТ'];[];['БАРНАУЛ', 'КУЛАГИНА'];[9, 0, 1, 0];[];[0, 0, 0, 0];10;0;0;1;0;0;0;0;0
2308091759;"АО ""НЭСК""";nesk.ru;old.nesk.ru;karbon-vsem.ru;['НЭСК'];['НЕЗАВИСИМАЯ', 'ЭНЕРГОСБЫТОВАЯ', 'КРАСНОДАРСКОГО', 'КРАЯ'];['КРАСНОДАР', 'СЕВЕРНАЯ'];[5, 7, 9, 0];[];[0, 0, 0, 0];21;0;0;9;0;0;0;0;0
1233213213;"ОАО ""СибирьЭнерго""";sibir-energo.ru;;#Н/Д;['СИБИРЬЭНЕРГО'];[];[];[3, 0, 0, 0];[];[];3;0;0;0;0;0;0;0;0
7706627050;"АО ""Мобильные ГТЭС""";mobilegtes.ru;mobilegtes.ru;http://mobilegtes.ru;['МОБИЛЬНЫЕ', 'ГТЭС'];['ГАЗОТУРБИННЫЕ', 'ЭЛЕКТРИЧЕСКИЕ', 'СТАНЦИИ'];['МОСКВА', 'БЕЛОВЕЖСКАЯ'];[20, 6, 2, 1];[];[20, 6, 2, 1];29;0;29;2;0;2;1;0;1
3328424479;"ООО ""РКС-энерго""";rks-energo.ru;rks-energo.ru;0;['РКС-ЭНЕРГО'];[];['ЛЕНИНГРАДСКАЯ', 'ТОСНО', 'МОСКОВСКОЕ', 'ПОМ'];[20, 0, 4, 4];[];[];28;0;0;4;0;0;4;0;0
7731541872;"ОАО ""ВСК-Энерго""";vsk-energo.fis.ru;moscow.cataloxy.ru;#Н/Д;['ВСК-ЭНЕРГО'];[];[];[0, 0, 0, 0];[0, 0, 0, 0];[];0;0;0;0;0;0;0;0;0
1434031363;"АО ""ДГК""";dvgk.ru;dvgk.ru;0;['ДГК'];['ДАЛЬНЕВОСТОЧНАЯ', 'ГЕНЕРИРУЮЩАЯ'];['НЕРЮНГРИ', 'БОР'];[29, 32, 3, 2];[];[];66;0;0;3;0;0;2;0;0
1902014500;"АО ""РУСАЛ Саяногорск""";energo.rusal.ru;AboutCompany.aspx?saz;0;['РУСАЛ', 'САЯНОГОРСК'];['САЯНОГОРСКИЙ', 'АЛЮМИНИЕВЫЙ'];['ХАКАСИЯ', 'САЯНОГОРСК', 'ПРОМПЛОЩАДКА'];[3, 0, 0, 0];[6, 0, 2, 0];[];3;8;0;0;2;0;0;0;0
6829017247;"АО ""ТОСК""";tosk.tmb.ru;tosk.tmb.ru;www.tosk.tmb.ru;['ТОСК'];['ТАМБОВСКАЯ', 'ОБЛАСТНАЯ', 'СБЫТОВАЯ'];['ТАМБОВ', 'СОВЕТСКАЯ'];[17, 33, 29, 0];[];[17, 33, 29, 0];79;0;79;29;0;29;0;0;0
7725571452;"ООО ""ГлавЭнергоСбыт""";главэнергосбыт.рф;главэнергосбыт.рф;0;['ГЛАВЭНЕРГОСБЫТ'];[];['МОСКВА', 'ДУБИНИНСКАЯ'];[13, 0, 2, 1];[];[];16;0;0;2;0;0;1;0;0
1901067718;"АО ""Енисейская ТГК (ТГК-13)""";sibgenco.ru;companies/eniseyskaya-tgk-tgk-13/;0;['ЕНИСЕЙСКАЯ', 'ТГК', '(ТГК-13)'];['ТЕРРИТОРИАЛЬНАЯ', 'ГЕНЕРИРУЮЩАЯ'];['КРАСНОЯРСК', 'БОГРАДА'];[0, 4, 1, 0];[66, 7, 25, 0];[];5;98;0;1;25;0;0;0;0
2723088770;"ПАО ""ДЭК""";dvec.ru;dvec.ru;www.dvec.ru;['ДЭК'];['ДАЛЬНЕВОСТОЧНАЯ', 'ЭНЕРГЕТИЧЕСКАЯ'];['ХАБАРОВСК', 'СЛОБОДСКАЯ'];[8, 16, 12, 0];[];[8, 16, 12, 0];36;0;36;12;0;12;0;0;0
7727276526;"АО ""Сибурэнергоменеджмент""";sibur.ru;siburenergomanagment/;0;['СИБУРЭНЕРГОМЕНЕДЖМЕНТ'];[];['ВОРОНЕЖСКАЯ', 'ВОРОНЕЖ', 'ЛЕНИНСКИЙ'];[1, 0, 1, 0];[10, 0, 3, 1];[];2;14;0;1;3;0;0;1;0
1701040660;"АО ""Тываэнергосбыт""";tuvaensb.ru;tuvaenergo.ru;0;['ТЫВАЭНЕРГОСБЫТ'];[];['КЫЗЫЛ', 'КОЛХОЗНАЯ'];[21, 0, 6, 0];[];[];27;0;0;6;0;0;0;0;0
4028033356;"ООО ""Каскад-Энергосбыт""";kaskadenergosbyt.ru;kaskadenergosbyt.ru;http://kaskadenergosbyt.ru;['КАСКАД-ЭНЕРГОСБЫТ'];[];['КАЛУЖСКАЯ', 'КАЛУГА', 'МОСКОВСКАЯ'];[9, 0, 2, 0];[];[9, 0, 2, 0];11;0;11;2;0;2;0;0;0
7705750968;"АО ""Газпром энергосбыт""";gazpromenergosbyt.ru;;0;['ГАЗПРОМ', 'ЭНЕРГОСБЫТ'];[];['МОСКВА', 'ВЕРНАДСКОГО'];[43, 0, 7, 3];[];[];53;0;0;7;0;0;3;0;0
2221008019;"АО ""Барнаульская горэлектросеть""";bges.ru;old.bges.ru;www.bges.ru;['БАРНАУЛЬСКАЯ', 'ГОРЭЛЕКТРОСЕТЬ'];[];['БАРНАУЛ', 'ДЕПОВСКАЯ'];[4, 0, 4, 1];[0, 0, 0, 0];[4, 0, 4, 1];9;0;9;4;0;4;1;0;1
6670129804;"АО ""СЭГК""";svengaz.ru;;http://svengaz.ru;['СЭГК'];['СВЕРДЛОВСКАЯ', 'ЭНЕРГОГАЗОВАЯ'];['ЕКАТЕРИНБУРГ', 'БЛЮХЕРА'];[5, 18, 3, 0];[];[5, 18, 3, 0];26;0;26;3;0;3;0;0;0
6672249198;"ООО ""Сбытовая компания ""Розторгэнерго""";pesc.ru;sevesk.ru;#Н/Д;['СБЫТОВАЯ', 'РОЗТОРГЭНЕРГО'];[];[];[7, 0, 0, 0];[8, 0, 0, 0];[];7;8;0;0;0;0;0;0;0
4407007293;"ООО ""Инициатива ЭСК""";kronoenergo.ru;;0;['ИНИЦИАТИВА', 'ЭСК'];[];['КОСТРОМСКАЯ', 'ШАРЬЯ', 'ВЕТЛУЖСКИЙ', 'ЦЕНТРАЛЬНАЯ'];[4, 0, 0, 0];[];[];4;0;0;0;0;0;0;0;0
7709538063;"АО ""Роскоммунэнерго"" ";roskomen.ru;;0;['РОСКОММУНЭНЕРГО'];[];['МОСКВА', 'ВОРОНЦОВСКАЯ'];[0, 0, 0, 0];[];[];0;0;0;0;0;0;0;0;0
6454074036;"ООО ""СПГЭС""";spges.ru;spges.ru;spges.ru;['СПГЭС'];['САРАТОВСКОЕ', 'ПРЕДПРИЯТИЕ', 'ГОРОДСКИХ', 'ЭЛЕКТРИЧЕСКИХ', 'СЕТЕЙ'];['САРАТОВ', 'БЕЛОГЛИНСКАЯ'];[7, 10, 9, 2];[];[];28;0;0;9;0;0;2;0;0
6658139683;"ОАО ""Екатеринбургская электросетевая компания""";eesk.ru;eesk.ru;#Н/Д;['ЕКАТЕРИНБУРГСКАЯ', 'ЭЛЕКТРОСЕТЕВАЯ'];[];[];[8, 0, 0, 0];[];[];8;0;0;0;0;0;0;0;0
5406323202;"АО ""ТГК-11""";tgk11.com;tgk11.com;0;['ТГК-11'];['ТЕРРИТОРИАЛЬНАЯ', 'ГЕНЕРИРУЮЩАЯ', '№11'];['ОМСКАЯ', 'ОМСК', 'ПАРТИЗАНСКАЯ'];[6, 9, 3, 0];[];[];18;0;0;3;0;0;0;0;0
3123152986;"ООО ""РГК""";rusgc.ru;rusgc.ru;0;['РГК'];['РЕГИОНАЛЬНАЯ', 'ГЕНЕРИРУЮЩАЯ'];['БЕЛГОРОД', 'НАРОДНЫЙ'];[23, 0, 1, 0];[];[];24;0;0;1;0;0;0;0;0
2624000319;"МУП г.Буденновска ""Горэлектросеть""";budenergosbyt.ru;;#Н/Д;['ГОРЭЛЕКТРОСЕТЬ'];[];[];[2, 0, 0, 0];[];[];2;0;0;0;0;0;0;0;0
4633017746;"ООО ""РЭК""";ooo-rec.ru;;0;['РЭК'];['РЕГИОНАЛЬНАЯ', 'ЭНЕРГОСБЫТОВАЯ'];['КУРСКАЯ', 'ЖЕЛЕЗНОГОРСК', 'ЛЕНИНА'];[5, 0, 0, 0];[];[];5;0;0;0;0;0;0;0;0
5610095517;"АО ""Оренбургсельэнергосбыт""";orenses.ru;orenses.ru;энсбыт.рф;['ОРЕНБУРГСЕЛЬЭНЕРГОСБЫТ'];[];['ОРЕНБУРГ', 'БРЯНСКАЯ'];[5, 0, 8, 0];[];[5, 0, 8, 0];13;0;13;8;0;8;0;0;0
4822001340;"ООО ""ГЭСК""";lesk.ru;about/working-conditions/gesk/;0;['ГЭСК'];['ГОРОДСКАЯ', 'ЭНЕРГОСБЫТОВАЯ'];['ЛИПЕЦКАЯ', 'ЛИПЕЦК', 'ПОБЕДЫ'];[];[];[];0;0;0;0;0;0;0;0;0
1328904496;"ООО ""Ватт-Электросбыт""";skwes.com;;www.skwes.com;['ВАТТ-ЭЛЕКТРОСБЫТ'];['ЭЛЕКТРОСБЫТОВАЯ'];['САРАНСК', 'ОСИПЕНКО'];[19, 3, 16, 1];[];[19, 3, 16, 1];39;0;39;16;0;16;1;0;1
3327329166;"АО ""ВКС""";vladcomsys.ru;aovks.ru;1aas.ru;['ВКС'];['ВЛАДИМИРСКИЕ', 'КОММУНАЛЬНЫЕ', 'СИСТЕМЫ'];['ВЛАДИМИР', 'ЧАЙКОВСКОГО'];[6, 14, 25, 0];[7, 7, 0, 0];[0, 0, 3, 0];45;14;3;25;0;3;0;0;0
7704228075;"АО ""АтомЭнергоСбыт""";atomsbt.ru;atomsbt.ru;www.atomsbt.ru;['АТОМЭНЕРГОСБЫТ'];[];['МОСКВА', 'САДОВНИЧЕСКАЯ'];[];[];[];0;0;0;0;0;0;0;0;0
7116127560;"ООО ""НЭСК""";nesk.ru;nesk71.ru;nesk71.ru;['НЭСК'];['НОВОМОСКОВСКАЯ', 'ЭНЕРГОСБЫТОВАЯ'];['ТУЛЬСКАЯ', 'НОВОМОСКОВСК', 'КАЛИНИНА'];[5, 3, 0, 0];[5, 10, 12, 2];[];8;29;0;0;12;0;0;2;0
3808166404;"ООО ""Иркутскэнергосбыт""";sbyt.irkutskenergo.ru;sbyt.irkutskenergo.ru;bassgain.ru;['ИРКУТСКЭНЕРГОСБЫТ'];['ИРКУТСКАЯ', 'ЭНЕРГОСБЫТОВАЯ'];['ИРКУТСК', 'СУРИКОВА'];[38, 6, 79, 0];[];[0, 0, 11, 0];123;0;11;79;0;11;0;0;0
2632047085;"ГУП СК ""Ставрополькоммунэлектро""";ske.ru;ske.ru;www.ske.ru;['СТАВРОПОЛЬКОММУНЭЛЕКТРО'];[];['СТАВРОПОЛЬ', 'ШПАКОВСКАЯ'];[8, 0, 22, 0];[];[8, 0, 22, 0];30;0;30;22;0;22;0;0;0
6671250899;"АО ""ЕЭнС""";eens.ru;eens.ru;www.eens.ru;['ЕЭНС'];['ЕКАТЕРИНБУРГЭНЕРГОСБЫТ'];['СВЕРДЛОВСКАЯ', 'ЕКАТЕРИНБУРГ', 'СУРИКОВА'];[0, 0, 0, 0];[];[0, 0, 0, 0];0;0;0;0;0;0;0;0;0
7116146467;"ООО ""ЕвроХим-Энерго""";energo.corp.eurochem.ru;;0;['ЕВРОХИМ-ЭНЕРГО'];[];['ТУЛЬСКАЯ', 'НОВОМОСКОВСКИЙ', 'НОВОМОСКОВСК', 'СВЯЗИ'];[5, 0, 8, 2];[];[];15;0;0;8;0;0;2;0;0
2320109650;"ПАО ""Интер РАО""";interrao.ru;interrao.ru;0;['ИНТЕР', 'РАО'];['ЕЭС'];['КРАСНОДАРСКИЙ', 'СОЧИ', 'ЛИБКНЕХТА'];[46, 1, 0, 0];[];[];47;0;0;0;0;0;0;0;0
8620018330;"АО ""Нижневартовская ГРЭС""";irao-generation.ru;Станции;0;['НИЖНЕВАРТОВСКАЯ', 'ГРЭС'];[];['АВТОНОМНЫЙ', 'НИЖНЕВАРТОВСКИЙ', 'ИЗЛУЧИНСК', 'ГРЭС', 'ПРОМЗОНА'];[16, 0, 15, 0];[14, 0, 13, 0];[];31;27;0;15;13;0;0;0;0
2460066195;"ПАО ""РусГидро""";rushydro.ru;rushydro.ru;www.gidroogk.ru;['РУСГИДРО'];['ФЕДЕРАЛЬНАЯ', 'ГИДРОГЕНЕРИРУЮЩАЯ', 'КОМПАНИЯ-РУСГИДРО'];['КРАСНОЯРСК', 'РЕСПУБЛИКИ'];[47, 0, 2, 0];[];[47, 0, 2, 0];49;0;49;2;0;2;0;0;0
7024029499;"АО ""СХК""";atomsib.ru;atomsib.ru;www.shk.tsk.ru;['СХК'];['СИБИРСКИЙ', 'ХИМИЧЕСКИЙ'];['ТОМСКАЯ', 'СЕВЕРСК', 'КУРЧАТОВА'];[23, 2, 8, 1];[];[];34;0;0;8;0;0;1;0;0
4218000951;"ОАО ""ЗСМК""";rus.evraz.com;Наши предприятия;#Н/Д;['ЗСМК'];[];[];[2, 0, 0, 0];[0, 0, 0, 0];[];2;0;0;0;0;0;0;0;0
6672185635;"ООО ""ЭТК ""Прогресс""";etk-progress.ru;etk-progress.ru;0;['ЭТК', 'ПРОГРЕСС'];['АРСТЭМ-ЭНЕРГОТРЕЙД'];['ЕКАТЕРИНБУРГ', 'МАМИНА-СИБИРЯКА'];[48, 0, 0, 0];[];[];48;0;0;0;0;0;0;0;0
1657036630;"АО ""Татэнерго""";tatgencom.ru;tatgencom.ru;http://www.tatgencom.ru;['ТАТЭНЕРГО'];[];['КАЗАНЬ', 'САЛИМЖАНОВА'];[22, 0, 0, 0];[];[22, 0, 0, 0];22;0;22;0;0;0;0;0;0
6316138990;"АО ""СамГЭС""";samges.ru;samges.ru;samges.ru;['САМГЭС'];['САМАРАГОРЭНЕРГОСБЫТ'];['САМАРСКАЯ', 'САМАРА', 'ГАГАРИНА'];[6, 1, 7, 2];[];[];16;0;0;7;0;0;2;0;0
1901064509;"ООО ""Абаканэнергосбыт""";abakanenergo.ru;abakanenergo.ru;abakanenergo.ru;['АБАКАНЭНЕРГОСБЫТ'];[];['АБАКАН', 'СОВЕТСКАЯ'];[6, 0, 11, 0];[];[];17;0;0;11;0;0;0;0;0
3802010714;"АО ""Витимэнергосбыт""";vitimenergosbyt.ru;vitimenergosbyt.ru;0;['ВИТИМЭНЕРГОСБЫТ'];[];['ИРКУТСКАЯ', 'БОДАЙБО', 'ПОЧТОВЫЙ'];[7, 0, 2, 1];[];[];10;0;0;2;0;0;1;0;0
2446000322;"АО ""Красноярская ГЭС""";kges.ru;kges.ru;www.kges.ru;['КРАСНОЯРСКАЯ', 'ГЭС'];[];['КРАСНОЯРСКИЙ', 'ДИВНОГОРСК', 'А/Я'];[18, 0, 3, 0];[];[18, 0, 3, 0];21;0;21;3;0;3;0;0;0
7743628060;"ОАО ""Мосгорэнерго""";mosgorenergo.ru;mosgorenergo.ru;http://mosgorenergo.ru;['МОСГОРЭНЕРГО'];['МОСКОВСКОЕ', 'ГОРОДСКОЕ', 'ЭНЕРГОСБЫТОВОЕ', 'ПРЕДПРИЯТИЕ'];['МОСКВА', 'ЛАВОЧКИНА'];[7, 0, 7, 3];[];[7, 0, 7, 3];17;0;17;7;0;7;3;0;3
6321144460;"ООО ""ТЭС""";tesgroup.ru;tesgroup.ru;www.tltes.ru;['ТЭС'];['ТОЛЬЯТТИЭНЕРГОСБЫТ'];['САМАРСКАЯ', 'ТОЛЬЯТТИ', 'БАНЫКИНА'];[4, 0, 0, 0];[];[0, 2, 3, 0];4;0;5;0;0;3;0;0;0
5107910347;"ООО ""Арктик-энерго""";arctic-energo.ru;arctic-energo.ru;0;['АРКТИК-ЭНЕРГО'];[];['МУРМАНСКАЯ', 'МОНЧЕГОРСК', 'МЕТАЛЛУРГОВ'];[9, 0, 0, 0];[];[];9;0;0;0;0;0;0;0;0
7709782777;"ООО ""ГАРАНТ ЭНЕРГО""";garant-energo.pro;garant-energo.pro;0;['ГАРАНТ', 'ЭНЕРГО'];[];['МОСКВА', 'ПРОТОПОПОВСКИЙ'];[27, 0, 4, 2];[];[];33;0;0;4;0;0;2;0;0
1833045576;"ООО ""Промэнергосбыт""";promenergosbyt.com;promenergosbyt.ru;0;['ПРОМЭНЕРГОСБЫТ'];['ПРОМЫШЛЕННАЯ', 'ЭНЕРГОСБЫТОВАЯ'];['НИЖЕГОРОДСКАЯ', 'НОВГОРОД', 'ГОРЬКОГО'];[4, 3, 0, 0];[5, 0, 0, 0];[];7;5;0;0;0;0;0;0;0
5029087589;"АО ""Электросеть""";zaoelektroset.ru;oao-elektroset.ru;0;['ЭЛЕКТРОСЕТЬ'];[];['МОСКОВСКАЯ', 'МЫТИЩИ', 'УГОЛЬНАЯ'];[3, 0, 0, 0];[19, 0, 11, 5];[];3;35;0;0;11;0;0;5;0
5016013300;"МУП ""Ивантеевские Электросети""";ivseti.org;kontakty;http://ivseti.org;['ИВАНТЕЕВСКИЕ', 'ЭЛЕКТРОСЕТИ'];[];['МОСКОВСКАЯ', 'ИВАНТЕЕВКА', 'ЖЕЛЕЗНОДОРОЖНАЯ'];[25, 0, 4, 0];[13, 0, 9, 2];[25, 0, 4, 0];29;24;29;4;9;4;0;2;0
7714731016;"ООО ""ЦЭК"" (г.Белгород)";cek.ru;;#Н/Д;['ЦЭК'];[];[];[6, 0, 0, 0];[];[];6;0;0;0;0;0;0;0;0
3803100054;"ПАО ""РУСАЛ Братск""";braz-rusal.ru;siberia.prom-rus.com;www.braz.ru;['РУСАЛ', 'БРАТСК'];['БРАТСКИЙ', 'АЛЮМИНИЕВЫЙ'];['ИРКУТСКАЯ', 'БРАТСК'];[59, 3, 29, 29];[0, 0, 1, 0];[];120;1;0;29;1;0;29;0;0
5018054863;"АО ""Королевская электросеть СК""";kensbyt.ru;kensbyt.ru;#Н/Д;['КОРОЛЕВСКАЯ', 'ЭЛЕКТРОСЕТЬ'];[];[];[9, 0, 0, 0];[];[];9;0;0;0;0;0;0;0;0
5024037961;"АО ""КЭС"" (г.Красногорск)";kes-krasnogorsk.ru;Контакты;kes-krasnogorsk.ru;['КЭС'];['КРАСНОГОРСКЭНЕРГОСБЫТ'];['МОСКОВСКАЯ', 'КРАСНОГОРСК', 'КВАРТАЛ'];[0, 3, 4, 0];[0, 3, 4, 0];[0, 3, 4, 0];7;7;7;4;4;4;0;0;0
5001003540;"ЗАО ""БЭЛС""";belssb.ru;belssb.ru;http://belssb.ru;['БЭЛС'];['БАЛАШИХИНСКАЯ', 'ЭЛЕКТРОСЕТЬ'];['МОСКОВСКАЯ', 'БАЛАШИХА', 'САЛТЫКОВКА', 'ГРАЖДАНСКАЯ'];[3, 17, 0, 0];[];[3, 17, 0, 0];20;0;20;0;0;0;0;0;0
5017034511;"МУП ""Объединение Истринские электросети""";istraseti.ru;;0;['ОБЪЕДИНЕНИЕ', 'ИСТРИНСКИЕ', 'ЭЛЕКТРОСЕТИ'];[];['МОСКОВСКАЯ', 'ИСТРА', 'ЮЖНЫЙ'];[12, 0, 4, 2];[];[];18;0;0;4;0;0;2;0;0
2465115953;"ООО ""РУСЭНЕРГОСБЫТ СИБИРЬ""";rusenergosib.ru;rusenergosib.ru;www.rusenergosib.ru;['РУСЭНЕРГОСБЫТ', 'СИБИРЬ'];[];['КРАСНОЯРСКИЙ', 'КРАСНОЯРСК', 'БОГРАДА'];[6, 0, 0, 0];[];[6, 0, 0, 0];6;0;6;0;0;0;0;0;0
8603109926;"ООО ""НЭСКО""";nesko-nv.ru;nesko-nv.ru;nesko-nv.ru;['НЭСКО'];['НИЖНЕВАРТОВСКАЯ', 'ЭНЕРГОСБЫТОВАЯ'];['ТЮМЕНСКАЯ', 'НИЖНЕВАРТОВСК', 'ЛЕНИНА'];[2, 2, 7, 2];[];[];13;0;0;7;0;0;2;0;0
7720518494;"ПАО ""МОЭК""";moek.ru;moek.ru;http://uneco.ru;['МОЭК'];['МОСКОВСКАЯ', 'ОБЪЕДИНЕННАЯ', 'ЭНЕРГЕТИЧЕСКАЯ'];['МОСКВА', 'ВЕРНАДСКОГО'];[16, 0, 2, 0];[];[0, 8, 1, 0];18;0;9;2;0;1;0;0;0
1657082308;"АО ""Татэнергосбыт""";tatenergosbyt.ru;tatenergosbyt.ru;www.tatenergosbyt.ru;['ТАТЭНЕРГОСБЫТ'];[];['ТАТАРСТАН', 'КАЗАНЬ', 'ПАВЛЮХИНА'];[25, 0, 12, 1];[];[25, 0, 12, 1];38;0;38;12;0;12;1;0;1
6672185635;"ООО ""АРСТЭМ-ЭнергоТрейд""";eg-arstem.ru;contacts/arstem_ekb.htm;0;['АРСТЭМ-ЭНЕРГОТРЕЙД'];[];['ЕКАТЕРИНБУРГ', 'МАМИНА-СИБИРЯКА'];[0, 0, 1, 0];[];[];1;0;0;1;0;0;0;0;0
8905037499;"ООО ""Ноябрьская ПГЭ""";нпгэ.рф;ite-ng.pw;нпгэ.рф;['НОЯБРЬСКАЯ', 'ПГЭ'];['ПАРОГАЗОВАЯ', 'ЭЛЕКТРИЧЕСКАЯ', 'СТАНЦИЯ'];['ТЮМЕНСКАЯ', 'НОЯБРЬСК', 'ПРОМБАЗА', 'ПАНЕЛЬ'];[11, 11, 7, 0];[2, 0, 2, 0];[11, 11, 7, 0];29;4;29;7;2;7;0;0;0
7203162698;"ПАО ""Фортум""";fortum.ru;fortum.ru;0;['ФОРТУМ'];[];['ЧЕЛЯБИНСК', 'ТРАКТ'];[11, 0, 0, 0];[];[];11;0;0;0;0;0;0;0;0
3016059510;"ООО ""ЛУКОЙЛ-Астраханьэнерго""";astrahanenergo.lukoil.ru;astrahanenergo.lukoil.ru;www.lae.lukoil.ru;['ЛУКОЙЛ-АСТРАХАНЬЭНЕРГО'];[];['АСТРАХАНСКАЯ', 'АСТРАХАНЬ', 'АВГУСТОВСКАЯ'];[6, 0, 8, 0];[];[];14;0;0;8;0;0;0;0;0
3435098928;"ООО ""ЛУКОЙЛ-Волгоградэнерго""";volgogradenergo.lukoil.ru;volgogradenergo.lukoil.ru;www.volgogradenergo.lukoil.com;['ЛУКОЙЛ-ВОЛГОГРАДЭНЕРГО'];[];['ВОЛГОГРАДСКАЯ', 'ВОЛГОГРАД', 'МОЦАРТА'];[6, 0, 13, 0];[];[];19;0;0;13;0;0;0;0;0
2312159262;"ООО ""ЛУКОЙЛ-Кубаньэнерго""";kubanenergo.lukoil.ru;kubanenergo.lukoil.ru;http://kubanenergo.lukoil.ru;['ЛУКОЙЛ-КУБАНЬЭНЕРГО'];[];['КРАСНОДАРСКИЙ', 'КРАСНОДАР', 'ТРАМВАЙНАЯ'];[7, 0, 4, 0];[];[7, 0, 4, 0];11;0;11;4;0;4;0;0;0
6164288981;"ООО ""ЛУКОЙЛ-Ростовэнерго""";rostovenergo.lukoil.ru;rostovenergo.lukoil.ru;rostovenergo.lukoil.ru;['ЛУКОЙЛ-РОСТОВЭНЕРГО'];[];['РОСТОВСКАЯ', 'РОСТОВ-НА-ДОНУ', 'БЕРЕГОВАЯ'];[8, 0, 1, 0];[];[];9;0;0;1;0;0;0;0;0
6671156425;"ПАО ""Энел Россия""";enelrussia.ru;enelrussia.ru;#Н/Д;['ЭНЕЛ', 'РОССИЯ'];[];[];[24, 0, 0, 0];[];[];24;0;0;0;0;0;0;0;0
3123200083;"АО ""Первая сбытовая компания""";pskenergo.ru;pskenergo.ru;http://pskenergo.ru;['ПЕРВАЯ', 'СБЫТОВАЯ'];[];['БЕЛГОРОДСКАЯ', 'ШЕБЕКИНО', 'СВОБОДЫ'];[10, 0, 0, 0];[];[10, 0, 0, 0];10;0;10;0;0;0;0;0;0
4205173700;"АО ""Система""";sistema.ru;sistema.ru;zaosistema.ru;['СИСТЕМА'];[];['КЕМЕРОВСКАЯ', 'КЕМЕРОВО', 'СОВЕТСКИЙ'];[15, 0, 0, 0];[];[0, 0, 0, 0];15;0;0;0;0;0;0;0;0
5244009279;"АО ""Волга""";volga-paper.ru;volga-paper.ru;0;['ВОЛГА'];[];['НИЖЕГОРОДСКАЯ', 'БАЛАХНА', 'ГОРЬКОГО'];[4, 0, 0, 0];[];[];4;0;0;0;0;0;0;0;0
7721632827;"АО ""Концерн Росэнергоатом""";rosenergoatom.ru;rosenergoatom.ru;http://www.rosatom.ru;['КОНЦЕРН', 'РОСЭНЕРГОАТОМ'];['РОССИЙСКИЙ', 'ПРОИЗВОДСТВУ', 'ЭЛЕКТРИЧЕСКОЙ', 'ТЕПЛОВОЙ', 'ЭНЕРГИИ', 'АТОМНЫХ', 'СТАНЦИЯХ'];['МОСКВА', 'ОРДЫНКА'];[15, 4, 0, 0];[];[1, 7, 4, 2];19;0;14;0;0;4;0;0;2
2635116509;"АО ""Монокристалл""";monocrystal.ru;monocrystal.ru;www.monocrystal.com;['МОНОКРИСТАЛЛ'];[];['СТАВРОПОЛЬСКИЙ', 'СТАВРОПОЛЬ', 'КУЛАКОВА'];[10, 0, 1, 0];[];[2, 0, 0, 0];11;0;2;1;0;0;0;0;0
3604016496;"МУП ""БЭСО"" Борисоглебского городского округа Воронежской области";бэсо.рф;бэсо.рф;0;['БЭСО'];['БОРИСОГЛЕБСКАЯ', 'ЭНЕРГОСБЫТОВАЯ'];['ВОРОНЕЖСКАЯ', 'БОРИСОГЛЕБСКИЙ', 'БОРИСОГЛЕБСК', 'СОВЕТСКАЯ'];[11, 3, 16, 2];[];[];32;0;0;16;0;0;2;0;0
3528000597;"ОАО ""Северсталь""";market.severstal.com;Металлопрокат;www.severstal.ru;['СЕВЕРСТАЛЬ'];[];['ВОЛОГОДСКАЯ', 'ЧЕРЕПОВЕЦ', 'МИРА'];[11, 0, 2, 0];[0, 0, 0, 0];[];13;0;0;2;0;0;0;0;0
6229054695;"ООО ""РГМЭК""";rgmek.ru;;www.rgmek.ru;['РГМЭК'];['РЯЗАНСКАЯ', 'ГОРОДСКАЯ', 'МУНИЦИПАЛЬНАЯ', 'ЭНЕРГОСБЫТОВАЯ'];['РЯЗАНЬ', 'РАДИЩЕВА'];[0, 21, 0, 0];[];[0, 21, 0, 0];21;0;21;0;0;0;0;0;0
2628002660;"АО ""Горэлектросеть"" (г.Кисловодск)";ksbyt.ru;;0;['ГОРЭЛЕКТРОСЕТЬ'];[];['СТАВРОПОЛЬСКИЙ', 'КИСЛОВОДСК', 'ОДЕССКАЯ'];[];[];[];0;0;0;0;0;0;0;0;0
7111017002;"ООО ""Алексинэнергосбыт""";al-ensb.ru;al-ensb.ru;0;['АЛЕКСИНЭНЕРГОСБЫТ'];[];['ТУЛЬСКАЯ', 'АЛЕКСИН', 'ТУРГЕНЕВА'];[8, 0, 13, 1];[];[];22;0;0;13;0;0;1;0;0
7105037307;"АО ""ТНС энерго Тула""";tula.tns-e.ru;tula.tns-e.ru;www.respectif.ru;['ТНС', 'ЭНЕРГО', 'ТУЛА'];[];['ТУЛА', 'ПЛОТИНА'];[64, 0, 13, 0];[];[4, 0, 4, 0];77;0;8;13;0;4;0;0;0
5256049357;"ООО ""Автозаводская ТЭЦ""";atec.volgaenergo.ru;atec.volgaenergo.ru;http://atec.volgaenergo.ru;['АВТОЗАВОДСКАЯ', 'ТЭЦ'];[];['НОВГОРОД', 'ЛЕНИНА'];[0, 0, 0, 0];[];[0, 0, 0, 0];0;0;0;0;0;0;0;0;0
5256062171;"АО ""Волгаэнергосбыт""";volgaenergo.ru;volgaenergo.ru;www.volgaenergo.ru;['ВОЛГАЭНЕРГОСБЫТ'];[];['НОВГОРОД', 'ЛОСКУТОВА'];[0, 0, 0, 0];[];[];0;0;0;0;0;0;0;0;0
2631006583;Муниципальное унитарное предприятие городских электрических сетей г.Невинномысск;nevges.ru;о-предприятии/;#Н/Д;[];[];[];[0, 0, 0, 0];[0, 0, 0, 0];[];0;0;0;0;0;0;0;0;0
5046065560;"МУП ""Троицкая электросеть""";trelset.ru;trelset.ru;0;['ТРОИЦКАЯ', 'ЭЛЕКТРОСЕТЬ'];[];['МОСКОВСКАЯ', 'ТРОИЦК', 'ЛЕСНАЯ'];[14, 0, 13, 1];[];[];28;0;0;13;0;0;1;0;0
8601005865;"МП ""ГЭС""";mp-ges.ru;mp-ges.ru;0;['ГЭС'];['ГОРОДСКИЕ', 'ЭЛЕКТРИЧЕСКИЕ', 'СЕТИ'];['ТЮМЕНСКАЯ', 'ХАНТЫ-МАНСИЙСК', 'ДЗЕРЖИНСКОГО'];[28, 20, 6, 0];[];[];54;0;0;6;0;0;0;0;0
6629018839;"ООО ""НУЭСК""";vn44.ru;Электроэнергетика;0;['НУЭСК'];['НОВОУРАЛЬСКАЯ', 'ЭНЕРГОСБЫТОВАЯ'];['СВЕРДЛОВСКАЯ', 'НОВОУРАЛЬСК', 'САДОВАЯ'];[0, 0, 9, 0];[0, 0, 3, 0];[];9;3;0;9;3;0;0;0;0
6155043551;"ООО ""Шахтинская ГТЭС""";shakhty-energy.ru;;http://shakhty-energy.ru;['ШАХТИНСКАЯ', 'ГТЭС'];['ГАЗОТУРБИННАЯ', 'ЭЛЕКТРОСТАНЦИЯ'];['РОСТОВСКАЯ', 'ШАХТЫ', 'ЭНЕРГЕТИКИ'];[3, 2, 0, 0];[];[3, 2, 0, 0];5;0;5;0;0;0;0;0;0
3803100520;"ЗАО ""БЭС""";besao.ru;besao.ru;#Н/Д;['БЭС'];[];[];[4, 0, 0, 0];[];[];4;0;0;0;0;0;0;0;0
6321211371;"АО ""ТЭК""";tek63.ru;communals.ru;0;['ТЭК'];['ТОЛЬЯТТИНСКАЯ', 'ЭНЕРГОСБЫТОВАЯ'];['САМАРСКАЯ', 'ТОЛЬЯТТИ', 'ФРУНЗЕ'];[13, 10, 8, 1];[0, 0, 2, 0];[];32;2;0;8;2;0;1;0;0
5018141474;"ЗАО ""Королёвская электросеть СК""";kensbyt.ru;kensbyt.ru;#Н/Д;['КОРОЛЁВСКАЯ', 'ЭЛЕКТРОСЕТЬ'];[];[];[14, 0, 0, 0];[];[];14;0;0;0;0;0;0;0;0
7705454461;"АО ""СО ЕЭС""";so-ups.ru;so-ups.ru;http://www.so-cdu.ru/;['ЕЭС'];['СИСТЕМНЫЙ', 'ОПЕРАТОР', 'ЕДИНОЙ', 'ЭНЕРГЕТИЧЕСКОЙ', 'СИСТЕМЫ'];['МОСКВА', 'КИТАЙГОРОДСКИЙ'];[20, 28, 0, 0];[];[20, 28, 0, 0];48;0;48;0;0;0;0;0;0
7714737057;"АО ""Мосэнергобиржа""";moscow.cataloxy.ru;firms/www.mosenex.ru.htm;#Н/Д;['МОСЭНЕРГОБИРЖА'];[];[];[0, 0, 0, 0];[];[];0;0;0;0;0;0;0;0;0
6829012680;"ПАО ""КВАДРА""";quadra.ru;quadra.ru;0;['КВАДРА'];['КВАДРА-ГЕНЕРИРУЮЩАЯ'];['ТУЛА', 'ТИМИРЯЗЕВА'];[11, 0, 0, 0];[];[];11;0;0;0;0;0;0;0;0
1655189422;"АО ""ТГК-16""";tgc16.ru;tgc16.ru;tgc16.ru;['ТГК-16'];[];['ТАТАРСТАН', 'КАЗАНЬ', 'ЗИНИНА'];[19, 0, 9, 1];[];[];29;0;0;9;0;0;1;0;0
1651057954;"ООО ""Нижнекамская ТЭЦ""";nktec.tatneft.ru;nktec.tatneft.ru;0;['НИЖНЕКАМСКАЯ', 'ТЭЦ'];[];['ТАТАРСТАН', 'НИЖНЕКАМСК', 'ТЕР'];[19, 0, 15, 3];[];[];37;0;0;15;0;0;3;0;0
7321000069;"ОАО ""Ульяновскцемент""";eurocement.ru;cntnt/rus/production3/zavody1/…;www.eurocement.ru;['УЛЬЯНОВСКЦЕМЕНТ'];[];['УЛЬЯНОВСКАЯ', 'НОВОУЛЬЯНОВСК', 'ПРОМЫШЛЕННЫЙ'];[0, 0, 4, 4];[0, 0, 0, 0];[0, 0, 4, 4];8;0;8;4;0;4;4;0;4
2631054273;"АО ""Горэлектросеть"" (г.Невинномысск)";nevges.ru;;#Н/Д;['ГОРЭЛЕКТРОСЕТЬ'];[];[];[15, 0, 0, 0];[];[];15;0;0;0;0;0;0;0;0
7813323258;"АО ""Юго-Западная ТЭЦ""";uztec.ru;uztec.ru;#Н/Д;['ЮГО-ЗАПАДНАЯ', 'ТЭЦ'];[];[];[0, 0, 0, 0];[];[];0;0;0;0;0;0;0;0;0
1655063821;"ООО ""Ново-Рязанская ТЭЦ""";nrtec.ru;nrtec.ru;http://nrtec.ru;['НОВО-РЯЗАНСКАЯ', 'ТЭЦ'];[];['КАЗАНЬ', 'УНИВЕРСИТЕТСКАЯ'];[17, 0, 0, 0];[];[17, 0, 0, 0];17;0;17;0;0;0;0;0;0
4501121003;"ООО ""Курганская ТЭЦ""";kgk-kurgan.ru;Курганская ТЭЦ;0;['КУРГАНСКАЯ', 'ТЭЦ'];[];['КУРГАНСКАЯ', 'КУРГАН', 'ГОЛИКОВА'];[11, 0, 15, 0];[0, 0, 0, 0];[];26;0;0;15;0;0;0;0;0
6646009256;"АО ""НЛМК-Урал""";nlmk.shop;НЛМК-Групп;www.nsmmz.ru;['НЛМК-УРАЛ'];[];['СВЕРДЛОВСКАЯ', 'СЕРГИ', 'ЛЕНИНА'];[0, 0, 0, 0];[0, 0, 0, 0];[0, 0, 0, 0];0;0;0;0;0;0;0;0;0
275038496;"ООО ""ЭСКБ""";bashesk.ru;bashesk.ru;www.autoshinsnab.com;['ЭСКБ'];['ЭНЕРГЕТИЧЕСКАЯ', 'СБЫТОВАЯ', 'БАШКОРТОСТАНА'];['УФА', 'ДОСТОЕВСКОГО'];[1, 0, 1, 0];[];[0, 0, 0, 0];2;0;0;1;0;0;0;0;0
6623066650;"ООО ""НЭТ""";нэт62.рф;нэт62.рф;0;['НЭТ'];['НЕФТЕХИМ-ЭНЕРГОТРЕЙД'];['СВЕРДЛОВСКАЯ', 'ТАГИЛ'];[2, 0, 0, 0];[];[];2;0;0;0;0;0;0;0;0
3443062227;"ООО ""Волгоградоблэлектросбыт""";voes.ru;voes.ru;#Н/Д;['ВОЛГОГРАДОБЛЭЛЕКТРОСБЫТ'];[];[];[15, 0, 0, 0];[];[];15;0;0;0;0;0;0;0;0
7703552167;"ООО ""Транснефтьэнерго""";transneftenergo.transneft.ru;;http://transneftenergo.transneft.ru;['ТРАНСНЕФТЬЭНЕРГО'];[];['МОСКВА', 'ПРЕСНЕНСКАЯ'];[14, 0, 4, 2];[];[14, 0, 4, 2];20;0;20;4;0;4;2;0;2
;"ООО ""Независимая энергосбытовая компания""";nms-s.ru;ek72.ru;#Н/Д;['НЕЗАВИСИМАЯ', 'ЭНЕРГОСБЫТОВАЯ'];[];[];[2, 0, 0, 0];[0, 0, 0, 0];[];2;0;0;0;0;0;0;0;0
5260242233;"Общество с ограниченной ответственностью ""Нижегородская энергетическая компания""";nizhny-novgorod7m.ru;…energeticheskaya-kompaniya…;#Н/Д;['НИЖЕГОРОДСКАЯ', 'ЭНЕРГЕТИЧЕСКАЯ'];[];[];[7, 0, 0, 0];[2, 0, 0, 0];[];7;2;0;0;0;0;0;0;0
5254082550;"АО ""СГК""";sibgenco.ru;sibgenco.ru;0;['СГК'];['САРОВСКАЯ', 'ГЕНЕРИРУЮЩАЯ'];['НИЖЕГОРОДСКАЯ', 'САРОВ', 'МИРА'];[5, 4, 0, 0];[];[];9;0;0;0;0;0;0;0;0
8602153048;"ООО ""Сургутэнергосбыт""";surgutenergosbyt.ru;surgutenergosbyt.ru;www.surgutenergosbyt.ru;['СУРГУТЭНЕРГОСБЫТ'];['СУРГУТСКАЯ', 'ЭНЕРГОСБЫТОВАЯ'];['АВТОНОМНЫЙ', 'СУРГУТ', 'КУКУЕВИЦКОГО'];[6, 2, 13, 1];[];[6, 2, 13, 1];22;0;22;13;0;13;1;0;1
2224132840;"АО ""Алтайкрайэнерго""";altke.ru;sk-altke.ru;www.altke.ru;['АЛТАЙКРАЙЭНЕРГО'];[];['БАРНАУЛ', 'ВОРОВСКОГО'];[3, 0, 2, 1];[9, 0, 2, 1];[3, 0, 2, 1];6;12;6;2;2;2;1;1;1
5254081010;"АО ""Обеспечение РФЯЦ-ВНИИЭФ""";obespechenie-vniief.ru;obespechenie-vniief.ru;0;['ОБЕСПЕЧЕНИЕ', 'РФЯЦ-ВНИИЭФ'];[];['НИЖЕГОРОДСКАЯ', 'САРОВ', 'МИРА'];[18, 0, 9, 0];[];[];27;0;0;9;0;0;0;0;0
7707576602;"ООО ""ЭнергоСервис""";energoservise.com;ens77.ru;0;['ЭНЕРГОСЕРВИС'];[];['МОСКВА'];[0, 0, 0, 0];[34, 0, 11, 11];[];0;56;0;0;11;0;0;11;0
2124009521;"ПАО ""Химпром""";himprom.com;himprom.com;www.himprom.chuvashia.com;['ХИМПРОМ'];[];['ЧУВАШИЯ', 'НОВОЧЕБОКСАРСК', 'ПРОМЫШЛЕННАЯ'];[24, 0, 7, 3];[];[0, 0, 0, 0];34;0;0;7;0;0;3;0;0
2205010540;"ООО ""Заринская горэлектросеть""";zges22.ru;weboffice.zges22.ru;http://zges.altai.ru;['ЗАРИНСКАЯ', 'ГОРЭЛЕКТРОСЕТЬ'];['ГОРОДСКАЯ', 'ЭЛЕКТРИЧЕСКАЯ', 'СЕТЬ'];['АЛТАЙСКИЙ', 'ЗАРИНСК', 'МОЛОДЕЖНАЯ'];[4, 2, 6, 0];[6, 3, 3, 0];[];12;12;0;6;3;0;0;0;0
3128011788;Открытое акционерное общество «Стойленский горно-обогатительный комбинат»;sgok.nlmk.com;Стойленский ГОК;#Н/Д;[];[];[];[0, 0, 0, 0];[0, 0, 0, 0];[];0;0;0;0;0;0;0;0;0
8601022317;"АО ""ЮТЭК""";yutec-hm.ru;utek-rs.ru;0;['ЮТЭК'];['ЮГОРСКАЯ', 'ТЕРРИТОРИАЛЬНАЯ', 'ЭНЕРГЕТИЧЕСКАЯ'];['ТЮМЕНСКАЯ', 'ХАНТЫ-МАНСИЙСК', 'ЧЕХОВА'];[25, 13, 0, 0];[17, 6, 2, 0];[];38;25;0;0;2;0;0;0;0
3015087458;"ООО ""ЛУКОЙЛ-Экоэнерго""";ekoenergo.lukoil.ru;ekoenergo.lukoil.ru;0;['ЛУКОЙЛ-ЭКОЭНЕРГО'];[];['АСТРАХАНЬ', 'НАБЕРЕЖНАЯ'];[8, 0, 1, 0];[];[];9;0;0;1;0;0;0;0;0
545019120;"ООО ""Каспэнергосбыт""";каспэнергосбыт.рф;каспэнергосбыт.рф;http://каспэнергосбыт.рф;['КАСПЭНЕРГОСБЫТ'];[];['ДАГЕСТАН', 'КАСПИЙСК', 'МАХАЧКАЛИНСКАЯ'];[11, 0, 4, 0];[];[11, 0, 4, 0];15;0;15;4;0;4;0;0;0
4632116134;"ООО ""ГРИНН энергосбыт""";energy.grinn-corp.ru;index.php;0;['ГРИНН', 'ЭНЕРГОСБЫТ'];[];['КУРСКАЯ', 'КУРСК', 'ВАТУТИНА'];[0, 0, 0, 0];[];[];0;0;0;0;0;0;0;0;0
4707021531;"ЗАО ""Энерговыбор-Усть-Луга""";enchoice-ustluga.ru;enchoice-ustluga.ru;http://enchoice-ustluga.ru;['ЭНЕРГОВЫБОР-УСТЬ-ЛУГА'];[];['ЛЕНИНГРАДСКАЯ', 'КИНГИСЕПП', 'МАРКСА', '25/2'];[0, 0, 0, 0];[];[0, 0, 0, 0];0;0;0;0;0;0;0;0;0
5501041254;"ОАО ""Газпромнефть-ОНПЗ""";onpz.gazprom-neft.ru;onpz.gazprom-neft.ru;transport.gazprom-neft.ru;['ГАЗПРОМНЕФТЬ-ОНПЗ'];['ГАЗПРОМНЕФТЬ-ОМСКИЙ', 'НПЗ'];['ОМСК', 'ГУБКИНА'];[];[];[];0;0;0;0;0;0;0;0;0
2204052762;"АО ""Бийскэнерго""";old.sibgenco.ru;companies/ao-biyskenergo/;www.biyskenergo.ru;['БИЙСКЭНЕРГО'];[];['АЛТАЙСКИЙ', 'БИЙСК'];[0, 0, 9, 8];[4, 0, 8, 8];[0, 0, 1, 1];17;20;2;9;8;1;8;8;1
7703599239;"ООО ""ЭНЕРГОСБЫТХОЛДИНГ""";enholding.ru;enholding.ru;0;['ЭНЕРГОСБЫТХОЛДИНГ'];[];['МОСКВА', 'ОЛЬХОВСКАЯ'];[5, 0, 1, 0];[];[];6;0;0;1;0;0;0;0;0
570006131;"ООО ""Дагестанэнерго""";dagtec.ru;dagtec.ru;0;['ДАГЕСТАНЭНЕРГО'];[];['ДАГЕСТАН', 'МАХАЧКАЛА', 'ПЕРВОГО'];[6, 0, 6, 0];[];[];12;0;0;6;0;0;0;0;0
5405270340;"АО ""СИБЭКО""";sibgenco.ru;companies/ao-sibeko/;0;['СИБЭКО'];['СИБИРСКАЯ', 'ЭНЕРГЕТИЧЕСКАЯ'];['НОВОСИБИРСКАЯ', 'НОВОСИБИРСК', 'ЧАПЛЫГИНА'];[0, 4, 1, 0];[35, 24, 29, 1];[];5;89;0;1;29;0;0;1;0
2420002597;"ПАО ""Богучанская ГЭС""";boges.ru;boges.ru;0;['БОГУЧАНСКАЯ', 'ГЭС'];[];['КРАСНОЯРСКИЙ', 'КОДИНСК', 'А/Я'];[100, 0, 8, 1];[];[];109;0;0;8;0;0;1;0;0
3525014344;"ГЭП ""Вологдаоблкоммунэнерго""";voce.ru;voce.ru;so-ups.ru;['ВОЛОГДАОБЛКОММУНЭНЕРГО'];[];['ВОЛОГДА', 'ГОРЬКОГО'];[12, 0, 12, 0];[];[0, 0, 0, 0];24;0;0;12;0;0;0;0;0
6658038117;"ЗАО Межотраслевой концерн ""Уралметпром""";уралметпром.рф;уралметпром.рф;уралметпром.рф;['УРАЛМЕТПРОМ'];[];['ЕКАТЕРИНБУРГ', 'ГОГОЛЯ'];[4, 0, 3, 1];[];[];8;0;0;3;0;0;1;0;0
2624033219;"ООО ""ЛУКОЙЛ-Ставропольэнерго""";stavropolenergo.lukoil.ru;stavropolenergo.lukoil.ru;0;['ЛУКОЙЛ-СТАВРОПОЛЬЭНЕРГО'];[];['СТАВРОПОЛЬСКИЙ', 'БУДЕННОВСК', 'ЛЮКСЕМБУРГ'];[7, 0, 4, 2];[];[];13;0;0;4;0;0;2;0;0
5048024231;"ООО ""ВН-Энерготрейд""";vn-energotrade.ru;vn-energotrade.ru;www.energotrade.net;['ВН-ЭНЕРГОТРЕЙД'];[];['МОСКОВСКАЯ', 'ЧЕХОВ', 'ГАГАРИНА'];[6, 0, 2, 1];[];[];9;0;0;2;0;0;1;0;0
7723006328;"Открытое акционерное общество ""Московский нефтеперерабатывающий завод""";mnpz.gazprom-neft.ru;mnpz.gazprom-neft.ru;mnpz.gazprom-neft.ru;['МОСКОВСКИЙ', 'НЕФТЕПЕРЕРАБАТЫВАЮЩИЙ'];['ГАЗПРОМНЕФТЬ-МОСКОВСКИЙ', 'НПЗ'];['МОСКВА', 'КАПОТНЯ', 'КВАРТАЛ'];[];[];[];0;0;0;0;0;0;0;0;0
5615002700;"ОАО ""Орскнефтеоргсинтез""";ornpz.ru;ornpz.ru;0;['ОРСКНЕФТЕОРГСИНТЕЗ'];[];['ОРЕНБУРГСКАЯ', 'ОРСК', 'ГОНЧАРОВА'];[0, 0, 0, 0];[];[];0;0;0;0;0;0;0;0;0
5321029508;"ПАО ""Акрон""";acron.ru;acron.ru;www.acron.ru;['АКРОН'];[];['НОВГОРОД', 'НОВГОРОД-12'];[];[];[];0;0;0;0;0;0;0;0;0
5754020600;"ООО ""Орловский энергосбыт""";interrao-orel.ru;;www.interrao-orel.ru;['ОРЛОВСКИЙ', 'ЭНЕРГОСБЫТ'];['ИНТЕР', 'РАО-ОРЛОВСКИЙ'];['ОРЛОВСКАЯ', 'ОРЁЛ', 'ПОЛЕССКАЯ'];[12, 4, 2, 1];[];[12, 4, 2, 1];19;0;19;2;0;2;1;0;1
7704784450;"АО ""Интер РАО - Электрогенерация""";irao-generation.ru;irao-generation.ru;#Н/Д;['ИНТЕР', 'РАО-ЭЛЕКТРОГЕНЕРАЦИЯ'];[];[];[8, 0, 0, 0];[];[];8;0;0;0;0;0;0;0;0
7704726225;"ОАО ""Оборонэнерго""";oboronenergo.su;oboronenergo.su;http://oboronenergo.su;['ОБОРОНЭНЕРГО'];[];['МОСКВА', 'РУСАКОВСКАЯ'];[5, 0, 0, 0];[];[5, 0, 0, 0];5;0;5;0;0;0;0;0;0
3908600865;"АО ""Янтарьэнергосбыт""";yantarenergosbyt.ru;yantarenergo.ru;yantarenergosbyt.ru;['ЯНТАРЬЭНЕРГОСБЫТ'];[];['КАЛИНИНГРАДСКАЯ', 'КАЛИНИНГРАД', 'ДАРВИНА'];[8, 0, 6, 0];[2, 0, 29, 0];[8, 0, 6, 0];14;31;14;6;29;6;0;0;0
1834051678;"ООО ""ЛАДА Ижевск""";ladaizhevsk.ru;Контакты;connected.su;['ЛАДА', 'ИЖЕВСК'];['ИЖЕВСКИЙ', 'АВТОМОБИЛЬНЫЙ'];['УДМУРТСКАЯ', 'ИЖЕВСК', 'АВТОЗАВОДСКАЯ'];[10, 6, 11, 1];[0, 0, 0, 0];[];28;0;0;11;0;0;1;0;0
5407025576;"АО ""Новосибирскэнергосбыт""";nskes.ru;nskes.ru;http://sibirenergo.ru;['НОВОСИБИРСКЭНЕРГОСБЫТ'];[];['НОВОСИБИРСКАЯ', 'НОВОСИБИРСК', 'ОРДЖОНИКИДЗЕ'];[7, 0, 54, 2];[];[7, 0, 54, 2];63;0;63;54;0;54;2;0;2
6658084667;"ООО ""ВИЗ-Сталь""";viz.nlmk.com;ru/;http://viz-steel.ru;['ВИЗ-СТАЛЬ'];[];['ЕКАТЕРИНБУРГ', 'КИРОВА'];[0, 0, 0, 0];[24, 0, 2, 1];[24, 0, 2, 1];0;27;27;0;2;2;0;1;1
1103029229;"ООО ""Инженерные изыскания""";ingizisk.ru;ingizisk.ru;0;['ИНЖЕНЕРНЫЕ', 'ИЗЫСКАНИЯ'];[];['КОМИ', 'ВОРКУТА', 'ИНДУСТРИИ'];[0, 0, 0, 0];[];[];0;0;0;0;0;0;0;0;0
277077282;"ООО ""БГК""";bgkrb.ru;bgkrb.ru;www.bgkrb.ru;['БГК'];['БАШКИРСКАЯ', 'ГЕНЕРИРУЮЩАЯ'];['УФА', 'ТЭЦ-4'];[];[];[];0;0;0;0;0;0;0;0;0
7817312063;"АО ""ГСР ТЭЦ""";gsrenergy.ru;company/gsr-tec/;0;['ГСР', 'ТЭЦ'];[];['САНКТ-ПЕТЕРБУРГ', 'КОЛПИНО', 'ЗАВОД'];[11, 0, 5, 1];[26, 0, 4, 0];[];17;30;0;5;4;0;1;0;0
7840346335;"АО ""Группа ""Илим""";ilimgroup.ru;ilimgroup.ru;http://ilimgroup.ru;['ГРУППА', 'ИЛИМ'];[];['САНКТ-ПЕТЕРБУРГ', 'МАРАТА'];[48, 0, 4, 1];[];[48, 0, 4, 1];53;0;53;4;0;4;1;0;1
1004001744;"АО ""Карельский окатыш""";karelskyokatysh.severstal.com;karelskyokatysh.severstal.com;0;['КАРЕЛЬСКИЙ', 'ОКАТЫШ'];[];['КАРЕЛИЯ', 'КОСТОМУКША', 'ЗВЕЗДНАЯ'];[22, 0, 3, 0];[];[];25;0;0;3;0;0;0;0;0
1658008723;"ПАО ""Казаньоргсинтез""";kazanorgsintez.ru;kazanorgsintez.ru;www.kcn.ru/tat_ru/economics/profiles/o/orgsint/orgsint.html;['КАЗАНЬОРГСИНТЕЗ'];['ОРГАНИЧЕСКИЙ', 'СИНТЕЗ'];['КАЗАНЬ', 'БЕЛОМОРСКАЯ'];[30, 37, 33, 1];[];[];101;0;0;33;0;0;1;0;0
5834038427;"ООО ""Маяк-Энергосервис""";mayakenergo.ru;mayakenergo.ru;www.mayakenergoservis.ru;['МАЯК-ЭНЕРГОСЕРВИС'];[];['ПЕНЗА', 'БУМАЖНИКОВ'];[1, 0, 1, 0];[];[];2;0;0;1;0;0;0;0;0
1651057270;"ООО ""ПЭСТ""";pestenergo.ru;pestenergo.ru;0;['ПЭСТ'];[];['ТАТАРСТАН', 'НИЖНЕКАМСКИЙ', 'НИЖНЕКАМСК', 'НИЖНЕКАМСКНЕФТЕХИМ'];[];[];[];0;0;0;0;0;0;0;0;0
7804403972;"АО ""ЭСК РусГидро""";esc.rushydro.ru;esc-rushydro.ru;0;['ЭСК', 'РУСГИДРО'];['ЭНЕРГОСБЫТОВАЯ'];['МОСКВА', 'ВЛАСОВА'];[];[];[];0;0;0;0;0;0;0;0;0
3305053027;"ООО ""Капитал""";kapital-am.ru;kapital-am.ru;0;['КАПИТАЛ'];[];['ВЛАДИМИР', 'ПИОНЕРСКАЯ'];[29, 0, 0, 0];[];[];29;0;0;0;0;0;0;0;0
7706704202;"ООО ""ЭнергоЭффективность""";energo-ef.com;energo-ef.com;0;['ЭНЕРГОЭФФЕКТИВНОСТЬ'];[];['МОСКВА', 'ПАЛИХА'];[9, 0, 0, 0];[];[];9;0;0;0;0;0;0;0;0
7729677594;"ООО ""КНАУФ ЭНЕРГИЯ""";knaufenergy.ru;;0;['КНАУФ', 'ЭНЕРГИЯ'];[];['МОСКОВСКАЯ', 'КРАСНОГОРСК', 'ЦЕНТРАЛЬНАЯ'];[4, 0, 3, 1];[];[];8;0;0;3;0;0;1;0;0
2308138781;"ООО ""КЭС"" (г.Краснодар)";kes-krd.ru;kes-krd.ru;0;['КЭС'];[];['КРАСНОДАРСКИЙ', 'КРАСНОДАР', 'ГИМНАЗИЧЕСКАЯ'];[10, 0, 4, 1];[];[];15;0;0;4;0;0;1;0;0
4205243192;"АО ""Кемеровская генерация""";old.sibgenco.ru;…kemerovskaya-generatsiya/;вними-кузбасс.рф;['КЕМЕРОВСКАЯ', 'ГЕНЕРАЦИЯ'];[];['КЕМЕРОВСКАЯ', 'КЕМЕРОВО', 'КУЗНЕЦКИЙ'];[4, 0, 11, 0];[1, 0, 3, 0];[0, 0, 0, 0];15;4;0;11;3;0;0;0;0
2224152765;"АО ""Барнаульская ТЭЦ-3""";sibgenco.ru;about/company…barnaulskaya-tets-3/;0;['БАРНАУЛЬСКАЯ', 'ТЭЦ-3'];[];['БАРНАУЛ', 'ТРАКТОВАЯ'];[0, 0, 1, 0];[10, 0, 8, 0];[];1;18;0;1;8;0;0;0;0
2460237891;"АО ""Канская ТЭЦ""";sibgenco.ru;about/company/generation/kanskayatets/;0;['КАНСКАЯ', 'ТЭЦ'];[];['КРАСНОЯРСКИЙ', 'КРАСНОЯРСК', 'БОГРАДА'];[1, 0, 1, 0];[64, 0, 22, 0];[];2;86;0;1;22;0;0;0;0
2224152758;"АО ""Барнаульская генерация""";old.sibgenco.ru;…barnaulskaya-generatsiya/;0;['БАРНАУЛЬСКАЯ', 'ГЕНЕРАЦИЯ'];[];['АЛТАЙСКИЙ', 'БАРНАУЛ', 'БРИЛЛИАНТОВАЯ'];[0, 0, 8, 0];[0, 0, 2, 0];[];8;2;0;8;2;0;0;0;0
4205243178;"АО ""Кузнецкая ТЭЦ""";sibgenco.ru;about/company/generation/kuznetskaya…;0;['КУЗНЕЦКАЯ', 'ТЭЦ'];[];['КЕМЕРОВСКАЯ', 'КЕМЕРОВО', 'КУЗНЕЦКИЙ'];[1, 0, 1, 0];[40, 0, 12, 0];[];2;52;0;1;12;0;0;0;0
2460237926;"АО ""Красноярская ТЭЦ-1""";sibgenco.ru;about/company…krasnoyarskaya-tets-1/;http://tgk13.ru;['КРАСНОЯРСКАЯ', 'ТЭЦ-1'];[];['КРАСНОЯРСКИЙ', 'КРАСНОЯРСК', 'БОГРАДА'];[0, 0, 1, 0];[10, 0, 12, 0];[];1;22;0;1;12;0;0;0;0
2460237901;"АО ""Назаровская ГРЭС""";sibgenco.ru;about/company…nazarovskaya-gres/;0;['НАЗАРОВСКАЯ', 'ГРЭС'];[];['КРАСНОЯРСКИЙ', 'КРАСНОЯРСК', 'БОГРАДА'];[0, 0, 1, 0];[10, 0, 12, 0];[];1;22;0;1;12;0;0;0;0
5904229756;"ООО ""ЕАСК""";easc.ru;easc.ru;0;['ЕАСК'];['ЕВРО-АЗИАТСКАЯ', 'СБЫТОВАЯ'];['ПЕРМСКИЙ', 'ПЕРМЬ', 'ОФИС'];[6, 16, 1, 0];[];[];23;0;0;1;0;0;0;0;0
7705713236;"ОАО ""ВО ""Технопромэкспорт""";tpe.ru;tpe-ik.ru;www.tpe.ru;['ТЕХНОПРОМЭКСПОРТ'];['ВНЕШНЕЭКОНОМИЧЕСКОЕ', 'ОБЪЕДИНЕНИЕ'];['МОСКВА', 'ОВЧИННИКОВСКАЯ'];[2, 0, 0, 0];[8, 0, 2, 0];[2, 0, 0, 0];2;10;2;0;2;0;0;0;0
1103006077;"ООО ""Воркутинские ТЭЦ""";tplusgroup.ru;org/komi/organization/vorkutinskie…;http://komienergo.ru;['ВОРКУТИНСКИЕ', 'ТЭЦ'];[];['КОМИ', 'ВОРКУТА', 'ПГТ'];[1, 0, 4, 0];[112, 0, 5, 0];[0, 0, 20, 0];5;117;20;4;5;20;0;0;0
2624801220;"ОАО ""Будённовскэнергосбыт""";budenergosbyt.ru;budenergosbyt.ru;0;['БУДЁННОВСКЭНЕРГОСБЫТ'];['БУДЁННОВСКАЯ', 'ЭНЕРГОСБЫТОВАЯ'];['СТАВРОПОЛЬСКИЙ', 'БУДЕННОВСК', 'ПОЛЮЩЕНКО'];[2, 14, 8, 0];[];[];24;0;0;8;0;0;0;0;0
7701887224;"ООО ""ЭнергоХолдинг""";holdin.ru;EnergoHolding.ru;0;['ЭНЕРГОХОЛДИНГ'];[];['МОСКВА'];[0, 0, 0, 0];[6, 0, 0, 0];[];0;6;0;0;0;0;0;0;0
5913001268;"ПАО ""Метафракс""";metafrax.ru;metafrax.ru;www.metafrax.ru;['МЕТАФРАКС'];[];['ПЕРМСКИЙ', 'ГУБАХА', 'ЗАВОДСКАЯ'];[31, 0, 11, 1];[];[31, 0, 11, 1];43;0;43;11;0;11;1;0;1
4029027570;"АО ""ОБЛЭНЕРГОСБЫТ""";oblenergosbyt.ru;oblenergosbyt.ru;0;['ОБЛЭНЕРГОСБЫТ'];[];['КАЛУЖСКАЯ', 'КАЛУГА', 'НОВАТОРСКАЯ'];[0, 0, 0, 0];[];[];0;0;0;0;0;0;0;0;0
7817309342;"ЗАО ""Ижора-Энергосбыт""";izora-energo.ru;izora-energo.ru;0;['ИЖОРА-ЭНЕРГОСБЫТ'];[];['САНКТ-ПЕТЕРБУРГ', 'КОЛПИНО', 'ФИНЛЯНДСКАЯ'];[3, 0, 3, 1];[];[];7;0;0;3;0;0;1;0;0
6950137526;"ООО ""ЭСО""";esocctv.ru;;0;['ЭСО'];['ЭНЕРГОСНАБЖЕНИЕ'];['ТВЕРСКАЯ', 'ТВЕРЬ', 'ИНДУСТРИАЛЬНАЯ'];[6, 0, 0, 0];[];[];6;0;0;0;0;0;0;0;0
7723006328;"ОАО ""Газпромнефть - МНПЗ""";mnpz.gazprom-neft.ru;;mnpz.gazprom-neft.ru;['ГАЗПРОМНЕФТЬ-МНПЗ'];['ГАЗПРОМНЕФТЬ-МОСКОВСКИЙ', 'НПЗ'];['МОСКВА', 'КАПОТНЯ', 'КВАРТАЛ'];[];[];[];0;0;0;0;0;0;0;0;0
4205243185;"АО ""Ново-Кемеровская ТЭЦ""";sibgenco.ru;about/company…novo-kemerovskaya-tets/;0;['НОВО-КЕМЕРОВСКАЯ', 'ТЭЦ'];[];['КЕМЕРОВСКАЯ', 'КЕМЕРОВО', 'КУЗНЕЦКИЙ'];[1, 0, 1, 0];[38, 0, 12, 0];[];2;50;0;1;12;0;0;0;0
6452913663;"ООО ""Электросбыт""";elsbit.ru;elsbit.ru;elsbit.ru;['ЭЛЕКТРОСБЫТ'];['ЭЛЕКТРОСБЫТОВАЯ'];['САРАТОВ', 'ГОГОЛЯ'];[4, 1, 4, 0];[];[];9;0;0;4;0;0;0;0;0
2722080626;"АО ""ННК-Энерго""";nnk-energo.com;nnk-energo.com;www.nk-alliance.ru./page.phtml/rus/main_hballiance;['ННК-ЭНЕРГО'];[];['ХАБАРОВСК'];[2, 0, 0, 0];[];[0, 0, 0, 0];2;0;0;0;0;0;0;0;0
6901067107;"ПАО ""МРСК Центра"" (г.Москва)";mrsk-1.ru;mrsk-1.ru;http://rek-tver.ru;['МРСК', 'ЦЕНТРА'];['МЕЖРЕГИОНАЛЬНАЯ', 'РАСПРЕДЕЛИТЕЛЬНАЯ', 'СЕТЕВАЯ'];['МОСКВА', '2-Я'];[18, 2, 0, 0];[];[];20;0;0;0;0;0;0;0;0
5260200603;"ПАО ""МРСК Центра и Приволжья"" ";mrsk-cp.ru;mrsk-cp.ru;www.upandup.ru;['МРСК', 'ЦЕНТРА', 'ПРИВОЛЖЬЯ'];['МЕЖРЕГИОНАЛЬНАЯ', 'РАСПРЕДЕЛИТЕЛЬНАЯ', 'СЕТЕВАЯ'];['НОВГОРОД', 'РОЖДЕСТВЕНСКАЯ'];[32, 0, 3, 1];[];[0, 0, 7, 0];36;0;7;3;0;7;1;0;0
6450925977;"ОАО ""МРСК Волги""";mrsk-volgi.ru;mrsk-volgi.ru;www.mrsk-volgi.ru;['МРСК', 'ВОЛГИ'];['МЕЖРЕГИОНАЛЬНАЯ', 'РАСПРЕДЕЛИТЕЛЬНАЯ', 'СЕТЕВАЯ'];['САРАТОВ', 'ПЕРВОМАЙСКАЯ'];[];[];[0, 0, 0, 0];0;0;0;0;0;0;0;0;0
2460069527;"ПАО ""МРСК Сибири""";mrsk-sib.ru;rosseti.ru;www.str-k.ru;['МРСК', 'СИБИРИ'];['МЕЖРЕГИОНАЛЬНАЯ', 'РАСПРЕДЕЛИТЕЛЬНАЯ', 'СЕТЕВАЯ'];['КРАСНОЯРСК', 'БОГРАДА'];[46, 3, 3, 1];[45, 0, 0, 0];[0, 0, 2, 0];53;45;2;3;0;2;1;0;0
8609018048;"ООО ""ЭСКА""";oooeska.ru;;0;['ЭСКА'];['ЭНЕРГОСБЫТОВАЯ', 'АГАН'];['ТЮМЕНСКАЯ', 'РАДУЖНЫЙ', 'ПРОМЫШЛЕННАЯ'];[2, 2, 1, 0];[];[];5;0;0;1;0;0;0;0;0
6664013880;"ОАО ""Уралхиммаш""";ekb.ru;;www.ekb.ru;['УРАЛХИММАШ'];['УРАЛЬСКИЙ', 'ХИМИЧЕСКОГО', 'МАШИНОСТРОЕНИЯ'];['ЕКАТЕРИНБУРГ', 'ХИБИНОГОРСКИЙ'];[14, 9, 2, 1];[];[14, 9, 2, 1];26;0;26;2;0;2;1;0;1
6901067103;МРСК Центра (г.Брянск);mrsk-1.ru;about/branches/bryanskenergo/;#Н/Д;[];[];[];[0, 0, 0, 0];[0, 0, 0, 0];[];0;0;0;0;0;0;0;0;0
6901067102;МРСК Центра (г.Орёл));mrsk-1.ru;customers/customer-service/centers/orel…;#Н/Д;[];[];[];[0, 0, 0, 0];[0, 0, 0, 0];[];0;0;0;0;0;0;0;0;0
6901067101;МРСК Центра (г.Курск);mrsk-1.ru;about/branches/kurskenergo/;#Н/Д;[];[];[];[0, 0, 0, 0];[0, 0, 0, 0];[];0;0;0;0;0;0;0;0;0
7802312751;"ПАО ""МРСК Северо-Запада""";mrsksevzap.ru;clients.mrsksevzap.ru;0;['МРСК', 'СЕВЕРО-ЗАПАДА'];['МЕЖРЕГИОНАЛЬНАЯ', 'РАСПРЕДЕЛИТЕЛЬНАЯ', 'СЕТЕВАЯ'];['ЛЕНИНГРАДСКАЯ', 'ГАТЧИНА', 'СОБОРНАЯ'];[0, 0, 0, 0];[];[];0;0;0;0;0;0;0;0;0
5260200605;МРСК Центра и Приволжья (г.Тула);mrsk-cp.ru;Филиалы;#Н/Д;[];[];[];[0, 0, 0, 0];[0, 0, 0, 0];[];0;0;0;0;0;0;0;0;0
7802312751;МРСК Северо-Запада (Колэнерго);kolenergo.mrsksevzap.ru;;0;[];['МЕЖРЕГИОНАЛЬНАЯ', 'РАСПРЕДЕЛИТЕЛЬНАЯ', 'СЕТЕВАЯ', 'СЕВЕРО-ЗАПАДА'];['ЛЕНИНГРАДСКАЯ', 'ГАТЧИНА', 'СОБОРНАЯ'];[0, 5, 0, 0];[];[];5;0;0;0;0;0;0;0;0
;"ООО ""Энергосбытовая компания Аган""";oooeska.ru;oooeska.ru;#Н/Д;['ЭНЕРГОСБЫТОВАЯ', 'АГАН'];[];[];[2, 0, 0, 0];[];[];2;0;0;0;0;0;0;0;0
7802312751;МРСК Северо-Запада (Новгородоблэнерго);novgorodenergo.mrsksevzap.ru;novgorodenergo.mrsksevzap.ru;0;[];['МЕЖРЕГИОНАЛЬНАЯ', 'РАСПРЕДЕЛИТЕЛЬНАЯ', 'СЕТЕВАЯ', 'СЕВЕРО-ЗАПАДА'];['ЛЕНИНГРАДСКАЯ', 'ГАТЧИНА', 'СОБОРНАЯ'];[0, 6, 0, 0];[];[];6;0;0;0;0;0;0;0;0
4205140782;"ООО ""ЭСКК""";eskk.ru;eskk.ru;www.eskk.ru;['ЭСКК'];['ЭНЕРГОСБЫТОВАЯ', 'КУЗБАССА'];['КЕМЕРОВСКАЯ', 'КЕМЕРОВО', 'ОКТЯБРЬСКИЙ', '53/2'];[11, 0, 11, 3];[];[11, 0, 11, 3];25;0;25;11;0;11;3;0;3
6901067104;МРСК Центра (г.Тверь);mrsk-1.ru;about/branches/tverenergo/;#Н/Д;[];[];[];[0, 0, 0, 0];[0, 0, 0, 0];[];0;0;0;0;0;0;0;0;0
7611020204;"АО ""Тутаевская ПГУ""";yargk.ru;Закупки;0;['ТУТАЕВСКАЯ', 'ПГУ'];[];['ЯРОСЛАВСКАЯ', 'ТУТАЕВСКИЙ', 'ТУТАЕВ', 'ПРОМЫШЛЕННАЯ'];[10, 0, 11, 0];[0, 0, 0, 0];[];21;0;0;11;0;0;0;0;0
6623025131;"ООО ""УВЗ-ЭНЕРГО""";увз-энерго.рф;увз-энерго.рф;uvz-energo.ru;['УВЗ-ЭНЕРГО'];[];['СВЕРДЛОВСКАЯ', 'ТАГИЛ', 'ИЛЬИЧА'];[13, 0, 1, 0];[];[];14;0;0;1;0;0;0;0;0
7729667652;"ООО ""РТ-ЭТ""";rt-et.ru;;0;['РТ-ЭТ'];['РТ-ЭНЕРГОТРЕЙДИНГ'];['МОСКВА', 'АДМИНИСТРАТИВНЫЙ', 'ВЕРНАДСКОГО', 'УДАЛЬЦОВА'];[6, 11, 2, 0];[];[];19;0;0;2;0;0;0;0;0
7703728269;"ООО ""Центрэнерго""";centrenergo.ru;;0;['ЦЕНТРЭНЕРГО'];[];['МОСКВА', 'РОЧДЕЛЬСКАЯ'];[15, 0, 2, 0];[];[];17;0;0;2;0;0;0;0;0
7840447460;"ООО ""РАЗВИТИЕ И ИНВЕСТИЦИИ""";DevInv.ru;DevInv.ru;0;['РАЗВИТИЕ', 'ИНВЕСТИЦИИ'];[];['САНКТ-ПЕТЕРБУРГ', 'КАЗАНСКАЯ', 'ПОМЕЩЕНИЕ'];[8, 0, 2, 0];[];[];10;0;0;2;0;0;0;0;0
275075272;"ООО ""Энергосбытовая компания""";ensbcom.ru;esk-n.ru;0;['ЭНЕРГОСБЫТОВАЯ'];[];['БАШКОРТОСТАН', 'УФА', 'МАРКСА'];[6, 0, 2, 0];[6, 0, 0, 0];[];8;6;0;2;0;0;0;0;0
1656066350;"ООО ""Фавор""";favore.ru;favore.ru;#Н/Д;['ФАВОР'];[];[];[9, 0, 0, 0];[];[];9;0;0;0;0;0;0;0;0
7705541227;"ПАО ГК ""ТНС энерго""";corp.tns-e.ru;corp.tns-e.ru;tns-e.ru;['ТНС', 'ЭНЕРГО'];[];['МОСКВА', 'МАРКСИСТСКИЙ'];[42, 0, 0, 0];[];[42, 0, 0, 0];42;0;42;0;0;0;0;0;0
5103065898;"ООО ""ХЭСК""";hesc.ru;;0;['ХЭСК'];['ХИБИНСКАЯ', 'ЭНЕРГОСБЫТОВАЯ'];['МУРМАНСКАЯ', 'КИРОВСК', 'ПАРКОВАЯ'];[13, 12, 6, 2];[];[];33;0;0;6;0;0;2;0;0
7719284001;"ООО ""РОСМИКС""";rosmiks.com;rsmx.ru;http://rosmiks.com;['РОСМИКС'];[];['МОСКВА'];[6, 0, 1, 1];[7, 0, 0, 0];[6, 0, 1, 1];8;7;8;1;0;1;1;0;1
3827034516;"ООО ""АЭС""";aes-comp.ru;Информация;#Н/Д;['АЭС'];[];[];[2, 0, 0, 0];[3, 0, 0, 0];[];2;3;0;0;0;0;0;0;0
3702597104;"АО ""Водоканал""";vodo-kanal.ru;vodo-kanal.ru;ivanovovodokanal.ru;['ВОДОКАНАЛ'];[];['ИВАНОВО', 'СТРОИТЕЛЕЙ'];[35, 0, 2, 2];[];[16, 0, 6, 0];39;0;22;2;0;6;2;0;0
7817311895;"АО ""АЭМ-технологии""";aemtech.ru;aemtech.ru;0;['АЭМ-ТЕХНОЛОГИИ'];['ИНЖИНИРИНГОВАЯ'];['САНКТ-ПЕТЕРБУРГ', 'КОЛПИНО', 'ФИНЛЯНДСКАЯ'];[34, 0, 3, 0];[];[];37;0;0;3;0;0;0;0;0
7701921436;"ООО ""Авелар Солар Технолоджи""";hevelsolar.com;contacts/;www.avelar-solar.com;['АВЕЛАР', 'СОЛАР', 'ТЕХНОЛОДЖИ'];[];['МОСКВА', 'ПРОФСОЮЗНАЯ'];[0, 0, 0, 0];[0, 0, 0, 0];[0, 0, 0, 0];0;0;0;0;0;0;0;0;0
7724880673;"ООО ""КомплексИндустрия""";energybase.ru;Генерирующие компании;0;['КОМПЛЕКСИНДУСТРИЯ'];[];['МОСКВА', 'КРАСНОПРЕСНЕНСКАЯ'];[0, 0, 2, 0];[0, 0, 0, 0];[];2;0;0;2;0;0;0;0;0
5904281731;"ООО ""ГЭК"" (г.Пермь)";gek2.ru;gek-perm.ru;0;['ГЭК'];['ГУБАХИНСКАЯ', 'ЭНЕРГЕТИЧЕСКАЯ'];['ПЕРМСКИЙ', 'ПЕРМЬ', 'КОМСОМОЛЬСКИЙ'];[10, 10, 2, 0];[4, 5, 2, 0];[];22;11;0;2;2;0;0;0;0
7801435581;"АО ""Норд Гидро""";nord-hydro.ru;press-tsentr/kontaktnaya-…;http://nord-hydro.ru;['НОРД', 'ГИДРО'];[];['КАРЕЛИЯ', 'ПИТКЯРАНТСКИЙ', 'ЛЯСКЕЛЯ', 'СОВЕТСКАЯ'];[23, 0, 0, 0];[11, 0, 0, 0];[32, 0, 0, 0];23;11;32;0;0;0;0;0;0
816000333;"ООО ""АЛТЭН""";energybase.ru;Генерирующие компании;0;['АЛТЭН'];[];['КАЛМЫКИЯ', 'ЭЛИСТА', 'ТЕР'];[0, 0, 45, 43];[0, 0, 8, 8];[];88;16;0;45;8;0;43;8;0
2361007167;"ООО ""ВЭС-Октябрьский""";energybase.ru;power-plant/wind-power-plant-october;0;['ВЭС-ОКТЯБРЬСКИЙ'];[];['КРАСНОДАРСКИЙ', 'ЕЙСКИЙ', 'ЕЙСК', 'КРАСНАЯ'];[0, 0, 10, 0];[0, 0, 0, 0];[];10;0;0;10;0;0;0;0;0
5036118291;"АО ""ВетроОГК""";novawind.ru;novawind.ru;0;['ВЕТРООГК'];['ВЕТРОЭНЕРГЕТИЧЕСКАЯ', 'ОТДЕЛЬНАЯ', 'ГЕНЕРИРУЮЩАЯ'];['МОСКВА', 'ЩИПОК'];[6, 0, 0, 0];[];[];6;0;0;0;0;0;0;0;0
6906011179;"ООО ""Тверская генерация""";tvgen.ru;tvgen.ru;naumen.ru;['ТВЕРСКАЯ', 'ГЕНЕРАЦИЯ'];[];['ТВЕРСКАЯ', 'ТВЕРЬ', 'ПЕТЕРБУРГСКОЕ'];[13, 0, 9, 1];[];[0, 0, 0, 0];23;0;0;9;0;0;1;0;0
7717654909;"АО ""Межрегиональная энергосбытовая компания""";mresc.pro;mresbyt.ru;0;['МЕЖРЕГИОНАЛЬНАЯ', 'ЭНЕРГОСБЫТОВАЯ'];[];['МОСКВА', 'КОСМОНАВТОВ'];[5, 0, 0, 0];[12, 0, 0, 0];[];5;12;0;0;0;0;0;0;0
7702743761;"ООО ""ТНС энерго Пенза""";penza.tns-e.ru;;http://энергоарматура-москва.рф;['ТНС', 'ЭНЕРГО', 'ПЕНЗА'];[];['ПЕНЗЕНСКАЯ', 'ПЕНЗА', 'ГАГАРИНА'];[60, 0, 11, 0];[];[];71;0;0;11;0;0;0;0;0
7715825806;"ООО ""ТНС энерго Великий Новгород""";novgorod.tns-e.ru;novgorod.tns-e.ru;0;['ТНС', 'ЭНЕРГО', 'ВЕЛИКИЙ', 'НОВГОРОД'];[];['НОВГОРОДСКАЯ', 'НОВГОРОД', 'ПСКОВСКАЯ'];[87, 0, 19, 0];[];[];106;0;0;19;0;0;0;0;0
7802312751;МРСК Северо-Запада (Новгородэнерго);novgorodenergo.mrsksevzap.ru;;0;[];['МЕЖРЕГИОНАЛЬНАЯ', 'РАСПРЕДЕЛИТЕЛЬНАЯ', 'СЕТЕВАЯ', 'СЕВЕРО-ЗАПАДА'];['ЛЕНИНГРАДСКАЯ', 'ГАТЧИНА', 'СОБОРНАЯ'];[0, 6, 0, 0];[];[];6;0;0;0;0;0;0;0;0
4250003450;"ООО ХК ""СДС-Энерго""";sdsenergo.ru;sdsenergo.ru;www.sdsenergo.ru;['СДС-ЭНЕРГО'];[];['КЕМЕРОВСКАЯ', 'КЕМЕРОВО', 'ОКТЯБРЬСКИЙ'];[2, 0, 1, 0];[];[2, 0, 1, 0];3;0;3;1;0;1;0;0;0
901048801;"АО ""ЧГЭС""";чгэс.рф;;0;['ЧГЭС'];['ЧЕРКЕССКИЕ', 'ГОРОДСКИЕ', 'ЭЛЕКТРИЧЕСКИЕ', 'СЕТИ'];['ЧЕРКЕССК', 'ГЛАВПОЧТАМТ', 'КРАСНАЯ'];[2, 27, 0, 0];[];[];29;0;0;0;0;0;0;0;0
7804488479;"ООО ""ЭСК ""ЭСКО""";eskesco.ru;eskesco.ru;0;['ЭСК', 'ЭСКО'];['ЭНЕРГОСБЫТОВАЯ'];['САНКТ-ПЕТЕРБУРГ', 'АНТОНОВСКАЯ'];[47, 15, 4, 1];[];[];67;0;0;4;0;0;1;0;0
7731411714;"ООО ""Трансэнергопром""";transenprom.ru;transenprom.ru;0;['ТРАНСЭНЕРГОПРОМ'];[];['МОСКВА', 'САДОВНИЧЕСКАЯ'];[16, 0, 1, 0];[];[];17;0;0;1;0;0;0;0;0
7719019846;"ПАО ""Передвижная энергетика""";передвижная-энергетика.рф;rao-esv.ru;http://передвижная-энергетика.рф;['ПЕРЕДВИЖНАЯ', 'ЭНЕРГЕТИКА'];[];['МОСКВА', 'ВАЛ'];[12, 0, 3, 2];[5, 0, 2, 1];[12, 0, 3, 2];17;8;17;3;2;3;2;1;2
7810786145;"ООО ""Энергетическая компания ""СТИ""";ek-sti.ru;ek-sti.ru;http://ek-sti.ru;['ЭНЕРГЕТИЧЕСКАЯ', 'СТИ'];['СБЫТ', 'ТРЕЙДИНГ', 'ИННОВАЦИИ'];['САНКТ-ПЕТЕРБУРГ', 'ТРОИЦКИЙ'];[27, 3, 2, 1];[];[27, 3, 2, 1];33;0;33;2;0;2;1;0;1
;"Общество с ограниченной ответственностью ""Энергетическая компания ""Сбыт Трейдинг Инновации""";ek-sti.ru;;#Н/Д;['ЭНЕРГЕТИЧЕСКАЯ', 'СБЫТ', 'ТРЕЙДИНГ', 'ИННОВАЦИИ'];[];[];[6, 0, 0, 0];[];[];6;0;0;0;0;0;0;0;0
;"Филиал ООО ""Гарантэнергосервис"" (Новгородоблэнергосбыт)";novgorod.tns-e.ru;Новости;#Н/Д;['ГАРАНТЭНЕРГОСЕРВИС'];[];[];[0, 0, 0, 0];[0, 0, 0, 0];[];0;0;0;0;0;0;0;0;0
;"Филиал ООО ""Энерготрейдинг"" (Пензаэнергосбыт)";corp.tns-e.ru;Дочерние общества;#Н/Д;['ЭНЕРГОТРЕЙДИНГ'];[];[];[0, 0, 0, 0];[0, 0, 0, 0];[];0;0;0;0;0;0;0;0;0
;"Филиал ОАО ""ТЭК"" (Тулаэнергосбыт)";tula.tns-e.ru;news/population/vnimanie…oao-tek…po…;#Н/Д;['ТЭК'];[];[];[0, 0, 0, 0];[0, 0, 0, 0];[];0;0;0;0;0;0;0;0;0
7802849641;"ООО ""Пивоваренная компания ""Балтика""";corporate.baltika.ru;corporate.baltika.ru;0;['ПИВОВАРЕННАЯ', 'БАЛТИКА'];[];['САНКТ-ПЕТЕРБУРГ', 'ВЕРХНИЙ'];[80, 0, 3, 1];[];[];84;0;0;3;0;0;1;0;0
;"Филиал  ООО ""Интер РАО"" (Орловский энергосбыт)";interrao-orel.ru;interrao-orel.ru;#Н/Д;['ИНТЕР', 'РАО'];[];[];[6, 0, 0, 0];[];[];6;0;0;0;0;0;0;0;0
7727743393;"ООО ""ЭСК Гарант""";garant-ivanovo.ru;garant-ivanovo.ru;www.garant-ivanovo.ru;['ЭСК', 'ГАРАНТ'];['ЭНЕРГОСБЫТОВАЯ'];['ИВАНОВСКАЯ', 'ИВАНОВО', 'СУВОРОВА'];[];[];[];0;0;0;0;0;0;0;0;0
7715887873;"ООО ""Энергосистема""";en-msk.ru;nrgsystema.ru;0;['ЭНЕРГОСИСТЕМА'];[];['МОСКВА', 'ПРОТОПОПОВСКИЙ'];[10, 0, 3, 0];[7, 0, 0, 0];[];13;7;0;3;0;0;0;0;0
;Филиал ОАО Петербургская СК (Омск);pesc.ru;vk.com;#Н/Д;[];[];[];[0, 0, 0, 0];[0, 0, 0, 0];[];0;0;0;0;0;0;0;0;0
6825005970;"ООО ""Котовская ТЭЦ""";ktec-energo.ru;about;0;['КОТОВСКАЯ', 'ТЭЦ'];[];['ТАМБОВСКАЯ', 'КОТОВСК', 'ЖЕЛЕЗНОДОРОЖНЫЙ'];[22, 0, 21, 3];[12, 0, 17, 3];[];46;32;0;21;17;0;3;3;0
6324042509;"ООО ""ЦЕФЕЙ""";cefey24.ru;cefei.net;0;['ЦЕФЕЙ'];[];['КРАСНОДАРСКИЙ', 'КРАСНОДАР', 'СОРМОВСКАЯ', 'ЛИТЕР', '211/14'];[9, 0, 0, 0];[];[];9;0;0;0;0;0;0;0;0
3241504722;"ООО ""Клинцовская ТЭЦ""";ccs-group.ru;?page_id=806;0;['КЛИНЦОВСКАЯ', 'ТЭЦ'];[];['БРЯНСКАЯ', 'КЛИНЦЫ', 'МИРА'];[0, 0, 0, 0];[23, 0, 7, 2];[];0;32;0;0;7;0;0;2;0
7701383354;"ООО ""ЭСК ""Независимость""";esk-n.ru;esk-n.ru;http://uesbt.ru;['ЭСК', 'НЕЗАВИСИМОСТЬ'];['ЭНЕРГОСБЫТОВАЯ'];['МОСКВА', 'ЛЯПУНОВА'];[12, 6, 0, 0];[];[];18;0;0;0;0;0;0;0;0
6726018979;"ООО ""Дорогобужская ТЭЦ""";dor-tec.ru;dor-tec.ru;0;['ДОРОГОБУЖСКАЯ', 'ТЭЦ'];[];['СМОЛЕНСКАЯ', 'ДОРОГОБУЖСКИЙ', 'ВЕРХНЕДНЕПРОВСКИЙ'];[3, 0, 2, 2];[];[];7;0;0;2;0;0;2;0;0
3123205772;"ООО ""АльтЭнерго""";altenergo.su;altenergo.su;0;['АЛЬТЭНЕРГО'];[];['БЕЛГОРОДСКАЯ', 'БЕЛГОРОД', 'СЛАВЫ'];[13, 0, 10, 1];[];[];24;0;0;10;0;0;1;0;0
7728872602;"ООО ""Солар Системс""";solarsystems.msk.ru;solarsystems.msk.ru;http://solarsystems.msk.ru;['СОЛАР', 'СИСТЕМС'];[];['МОСКВА', 'ПРЕСНЕНСКАЯ'];[14, 0, 0, 0];[];[14, 0, 0, 0];14;0;14;0;0;0;0;0;0
7703806647;"АО ""ГТ Энерго""";gtenergo.ru;gtenergo.ru;0;['ЭНЕРГО'];[];['МОСКВА', 'НАХИМОВСКИЙ'];[27, 0, 1, 0];[];[];28;0;0;1;0;0;0;0;0
7118506482;"ООО ""Щекинская ГРЭС""";s-gres.ru;s-gres.ru;0;['ЩЕКИНСКАЯ', 'ГРЭС'];[];['ТУЛЬСКАЯ', 'ЩЕКИНСКИЙ', 'СОВЕТСК', 'ЭНЕРГЕТИКОВ'];[17, 0, 1, 0];[];[];18;0;0;1;0;0;0;0;0
5261082487;"ООО ""НижегородЭнергоТрейд""";net-52.ru;;0;['НИЖЕГОРОДЭНЕРГОТРЕЙД'];[];['НИЖЕГОРОДСКАЯ', 'НОВГОРОД', 'ПРИОКСКИЙ', 'ПОБЕДЫ'];[4, 0, 2, 1];[];[];7;0;0;2;0;0;1;0;0
7801606237;"ООО ""МЭК"" (г.Кондопога)";mek.spb.ru;contact.html;0;['МЭК'];['МЕЖРЕГИОНАЛЬНАЯ', 'ЭНЕРГОСБЫТОВАЯ'];['САНКТ-ПЕТЕРБУРГ', 'ЦЕНТРАЛЬНЫЙ', 'НЕВСКИЙ', 'ОФИС'];[7, 10, 3, 1];[4, 12, 7, 2];[];21;25;0;3;7;0;1;2;0
7725828549;"АО ""Атомэнергопромсбыт""";apsbt.ru;;0;['АТОМЭНЕРГОПРОМСБЫТ'];[];['МОСКВА', 'ОЗЕРКОВСКАЯ'];[0, 0, 0, 0];[];[];0;0;0;0;0;0;0;0;0
4401144416;"ООО ""РУСЭНЕРГО""";rusenergo.moscow;rusenergo.org;0;['РУСЭНЕРГО'];[];['МОСКВА', 'САДОВНИЧЕСКАЯ'];[8, 0, 5, 2];[3, 0, 11, 0];[];15;14;0;5;11;0;2;0;0
3525256079;"ООО ""ЭлТА""";eltaltd.ru;eltaltd.ru;http://el-transit.ru;['ЭЛТА'];['ЭЛЕКТРОТРАНЗИТ', 'АЛЬФА'];['ВОЛОГОДСКАЯ', 'ВОЛОГДА', 'ОКРУЖНОЕ'];[9, 0, 0, 0];[];[11, 12, 2, 1];9;0;26;0;0;2;0;0;1
4632168044;"ООО ""Курская ТСК""";quadra.ru;klientam/filialy-i-do/ooo-kurskaya-tsk/;#Н/Д;['КУРСКАЯ', 'ТСК'];[];[];[1, 0, 0, 0];[8, 0, 0, 0];[];1;8;0;0;0;0;0;0;0
7107536816;"ООО ""Квадра-Энергосбыт""";quadra.ru;klientam/filialy…ooo-kvadra-energosbyt/;quadra.ru;['КВАДРА-ЭНЕРГОСБЫТ'];[];['ТУЛЬСКАЯ', 'ТУЛА', 'ТИМИРЯЗЕВА', 'ОФИС'];[0, 0, 1, 1];[0, 0, 1, 1];[0, 0, 1, 1];2;2;2;1;1;1;1;1;1
4205250834;"ООО ""ЭнергоРесурс""";energoresurs.su;ersgroup.ru;0;['ЭНЕРГОРЕСУРС'];[];['КЕМЕРОВСКАЯ', 'КЕМЕРОВО', 'СВОБОДЫ'];[4, 0, 0, 0];[3, 0, 0, 0];[];4;3;0;0;0;0;0;0;0
7722781966;"ООО ""Энергопромсбыт""";energopromsbyt.ru;energopromsbyt.ru;0;['ЭНЕРГОПРОМСБЫТ'];[];['МОСКВА'];[3, 0, 1, 1];[];[];5;0;0;1;0;0;1;0;0
2016081143;"АО ""Чеченэнерго""";chechenergo.ru;chechenergo.ru;0;['ЧЕЧЕНЭНЕРГО'];[];['ЧЕЧЕНСКАЯ', 'ГРОЗНЫЙ', 'СТАРОПРОМЫСЛОВСКОЕ'];[8, 0, 1, 0];[];[];9;0;0;1;0;0;0;0;0
2465102746;"ЗАО ""БоАЗ""";boaz-zavod.ru;;0;['БОАЗ'];['БОГУЧАНСКИЙ', 'АЛЮМИНИЕВЫЙ'];['КРАСНОЯРСКИЙ', 'БОГУЧАНСКИЙ', 'ТАЕЖНЫЙ', 'ЗАВОДА'];[];[];[];0;0;0;0;0;0;0;0;0
2632094529;"АО ""ЮМЭК""";umek.su;umek-sk.ru;umek-sk.ru;['ЮМЭК'];['ЮЖНАЯ', 'МЕЖРЕГИОНАЛЬНАЯ', 'ЭНЕРГЕТИЧЕСКАЯ'];['СТАВРОПОЛЬСКИЙ', 'ПЯТИГОРСК', 'ДУНАЕВСКОГО'];[10, 0, 0, 0];[3, 3, 3, 1];[];10;10;0;0;3;0;0;1;0
1644057544;"ООО ""ТН-Энергосбыт""";energosbyt.tatneft.ru;kontakti?lang=ru;0;['ТН-ЭНЕРГОСБЫТ'];['ТАТНЕФТЬ-ЭНЕРГОСБЫТ'];['ТАТАРСТАН', 'АЛЬМЕТЬЕВСКИЙ', 'АЛЬМЕТЬЕВСК', 'ТУХВАТУЛЛИНА'];[0, 4, 1, 0];[1, 1, 3, 1];[];5;6;0;1;3;0;0;1;0
7017373959;"АО ""Томская генерация""";energo.tom.ru;energo.tom.ru;energo.tom.ru;['ТОМСКАЯ', 'ГЕНЕРАЦИЯ'];[];['ТОМСКАЯ', 'ТОМСКИЙ', 'ВЕРШИНИНО'];[24, 0, 12, 0];[];[];36;0;0;12;0;0;0;0;0
7705429930;"Ассоциация ""НП Совет рынка""";np-sr.ru;np-sr.ru;0;['СОВЕТ', 'РЫНКА'];['НЕКОММЕРЧЕСКОЕ', 'ПАРТНЕРСТВО', 'ОРГАНИЗАЦИИ', 'ЭФФЕКТИВНОЙ', 'СИСТЕМЫ', 'ОПТОВОЙ', 'РОЗНИЧНОЙ', 'ТОРГОВЛИ', 'ЭЛЕКТРИЧЕСКОЙ', 'ЭНЕРГИЕЙ', 'МОЩНОСТЬЮ'];['МОСКВА', 'КРАСНОПРЕСНЕНСКАЯ'];[75, 3, 2, 1];[];[];81;0;0;2;0;0;1;0;0
7325106267;"ООО ""СЭСК""";sesk86.ru;sescompany.ru;#Н/Д;['СЭСК'];[];[];[1, 0, 0, 0];[5, 0, 0, 0];[];1;5;0;0;0;0;0;0;0
7706697347;"АО ""ЕвроСибЭнерго""";eurosib.ru;promplo.ru;0;['ЕВРОСИБЭНЕРГО'];[];['КРАСНОЯРСКИЙ', 'ДИВНОГОРСК', 'ЧКАЛОВА'];[2, 0, 0, 0];[10, 0, 0, 0];[];2;10;0;0;0;0;0;0;0
1007023785;"ООО ""НГБП""";ng-bp.ru;ng-bp.ru;0;['НГБП'];['НОРД', 'ГИДРО-БЕЛЫЙ', 'ПОРОГ'];['ПЕТРОЗАВОДСК', 'ЗАВОДСКАЯ'];[1, 2, 0, 0];[];[];3;0;0;0;0;0;0;0;0
7736252095;"ООО ""Самарская СЭС""";solarsystems.msk.ru;Территориям;0;['САМАРСКАЯ', 'СЭС'];['СОЛНЕЧНАЯ', 'ЭЛЕКТРОСТАНЦИЯ'];['МОСКВА', 'ПРЕСНЕНСКАЯ'];[7, 7, 0, 0];[0, 0, 0, 0];[];14;0;0;0;0;0;0;0;0
7703391618;"ООО ""Сан Проджектс""";solarsystems.msk.ru;information/;0;['САН', 'ПРОДЖЕКТС'];[];['МОСКВА', 'ПРЕСНЕНСКАЯ'];[6, 0, 0, 0];[22, 0, 0, 0];[];6;22;0;0;0;0;0;0;0
7810348720;"ООО ""СКВ""";skvcompany.com;skv-spb.ru;0;['СКВ'];['СБЫТОВАЯ', 'ВЫМПЕЛ'];['САНКТ-ПЕТЕРБУРГ'];[24, 0, 0, 0];[15, 0, 5, 5];[];24;25;0;0;5;0;0;5;0
3110009570;"ЗАО ""СК Короча""";miratorg.ru;ЗАО СК Короча;0;['КОРОЧА'];['СВИНОКОМПЛЕКС'];['БЕЛГОРОДСКАЯ', 'КОРОЧАНСКИЙ', 'МАЛЬЦЕВКА'];[1, 0, 1, 0];[0, 0, 0, 0];[];2;0;0;1;0;0;0;0;0
2632082033;"ПАО ""МРСК Северного Кавказа""";rossetisk.ru;rossetisk.ru;http://npsksp.ru;['МРСК', 'СЕВЕРНОГО', 'КАВКАЗА'];['МЕЖРЕГИОНАЛЬНАЯ', 'РАСПРЕДЕЛИТЕЛЬНАЯ', 'СЕТЕВАЯ'];['СТАВРОПОЛЬСКИЙ', 'ПЯТИГОРСК', 'ПОДСТАНЦИОННАЯ'];[6, 1, 0, 0];[];[0, 0, 0, 0];7;0;0;0;0;0;0;0;0
7708792780;"ООО ""Энергоком""";energocom.su;energocom.su;0;['ЭНЕРГОКОМ'];['ЭНЕРГОСЕРВИСНАЯ'];['ТВЕРСКАЯ', 'ТВЕРЬ', 'ИНДУСТРИАЛЬНАЯ'];[6, 0, 0, 0];[];[];6;0;0;0;0;0;0;0;0
7729530055;"АО ""АПБЭ""";e-apbe.ru;about/;0;['АПБЭ'];['АГЕНТСТВО', 'ПРОГНОЗИРОВАНИЮ', 'БАЛАНСОВ', 'ЭЛЕКТРОЭНЕРГЕТИКЕ'];['МОСКВА', 'БЕЛОВЕЖСКАЯ'];[3, 4, 1, 0];[6, 4, 0, 0];[];8;10;0;1;0;0;0;0;0
7839041402;"ООО ""ЭК ""СТИ""";ek-sti.ru;ek-sti.ru;0;['СТИ'];['ЭНЕРГЕТИЧЕСКАЯ'];['САНКТ-ПЕТЕРБУРГ', 'КРОНШТАДТ', 'СОВЕТСКАЯ'];[24, 3, 1, 0];[];[];28;0;0;1;0;0;0;0;0
3123367220;"ООО ""СбытЭнерго"" (г.Белгород)";sbyt-energo.ru;kontakty/;0;['СБЫТЭНЕРГО'];[];['БЕЛГОРОДСКАЯ', 'БЕЛГОРОД', 'ИНТЕРНАЦИОНАЛА'];[14, 0, 2, 0];[8, 0, 3, 0];[];16;11;0;2;3;0;0;0;0
5249105233;"ООО ""Синтез Энерго-Ресурс""";sintezenergoresurs.ru;sintezenergoresurs.ru;0;['СИНТЕЗ', 'ЭНЕРГО-РЕСУРС'];[];['НИЖЕГОРОДСКАЯ', 'НОВГОРОД', 'ВАРВАРСКАЯ'];[4, 0, 0, 0];[];[];4;0;0;0;0;0;0;0;0
7811500511;"ООО ""БСК""";bsk.ru;bsk-ees.ru;0;['БСК'];['БАЛТИЙСКАЯ', 'СБЫТОВАЯ'];['САНКТ-ПЕТЕРБУРГ', 'ВЫБОРГСКИЙ', 'ПАРНАС', 'ВЕРХНИЙ', 'ПОМ'];[8, 6, 3, 0];[4, 0, 0, 0];[];17;4;0;3;0;0;0;0;0
7328500977;"ООО ""СЭСНа""";sesna.su;sesna.su;#Н/Д;['СЭСНА'];[];[];[8, 0, 0, 0];[];[];8;0;0;0;0;0;0;0;0
3663071315;"ООО ""Воронежсбыт""";voronezh.tizu.ru;company/477100/;0;['ВОРОНЕЖСБЫТ'];[];['ВОРОНЕЖСКАЯ', 'ВОРОНЕЖ', 'ЛЕНИНСКИЙ'];[0, 0, 23, 0];[9, 0, 38, 7];[];23;54;0;23;38;0;0;7;0
7703414801;"ООО ""Сан Проджектс 2""";solarsystems.msk.ru;information/;0;['САН', 'ПРОДЖЕКТС'];[];['МОСКВА', 'ПРЕСНЕНСКАЯ'];[6, 0, 0, 0];[22, 0, 0, 0];[];6;22;0;0;0;0;0;0;0
3453004143;"ООО""Камышинская ТЭЦ""";ktec34.ru;ktec34.ru;#Н/Д;['КАМЫШИНСКАЯ', 'ТЭЦ'];[];[];[30, 0, 0, 0];[];[];30;0;0;0;0;0;0;0;0
3435126710;"ООО ""Тепловая генерация г. Волжского""";tgv34.ru;tgv34.ru;0;['ТЕПЛОВАЯ', 'ГЕНЕРАЦИЯ', 'ВОЛЖСКОГО'];[];['ВОЛГОГРАДСКАЯ', 'ВОЛЖСКИЙ', 'АЛЕКСАНДРОВА'];[27, 0, 3, 1];[];[];31;0;0;3;0;0;1;0;0
7701366905;"ООО ""ЭСК ""Лидер""";esk-lider.ru;;0;['ЭСК', 'ЛИДЕР'];['ЭНЕРГОСБЫТОВАЯ'];['МОСКВА'];[15, 1, 1, 1];[];[];18;0;0;1;0;0;1;0;0
7805570253;"ООО ""ЭнергоРОК-1""";energorok-1.ru;energorok-1.ru;0;['ЭНЕРГОРОК-1'];[];['САНКТ-ПЕТЕРБУРГ'];[0, 0, 0, 0];[];[];0;0;0;0;0;0;0;0;0
7206025040;"ООО ""СИБУР Тобольск""";sibur.ru;siburtobolsk/;mauk-center.ru;['СИБУР', 'ТОБОЛЬСК'];[];['ТЮМЕНЬ', 'САККО'];[37, 0, 1, 0];[48, 0, 1, 0];[51, 0, 0, 0];38;49;51;1;1;0;0;0;0
9102070194;"АО ""КРЫМТЭЦ""";krimtec.ru;;0;['КРЫМТЭЦ'];['КРЫМТЕПЛОЭЛЕКТРОЦЕНТРАЛЬ'];['КРЫМ', 'СИМФЕРОПОЛЬ', 'ГРЭСОВСКИЙ', 'МОНТАЖНАЯ'];[13, 0, 24, 1];[];[];38;0;0;24;0;0;1;0;0
6143088300;"ООО ""Волгодонская тепловая генерация""";volgodonsk-tg.ru;volgodonsk-tg.ru;0;['ВОЛГОДОНСКАЯ', 'ТЕПЛОВАЯ', 'ГЕНЕРАЦИЯ'];[];['РОСТОВСКАЯ', 'ВОЛГОДОНСК', '4-Я'];[9, 0, 8, 1];[];[];18;0;0;8;0;0;1;0;0
9203500799;"ООО ""СГС ПЛЮС""";sgsplus.ru;sgsplus.ru;0;['СГС', 'ПЛЮС'];[];['СЕВАСТОПОЛЬ', 'ПАРШИНА'];[22, 0, 7, 0];[];[];29;0;0;7;0;0;0;0;0
9102002878;"ГУП РК ""Крымэнерго""";gup-krymenergo.crimea.ru;gup-krymenergo.crimea.ru;http://realtysea.com;['КРЫМЭНЕРГО'];[];['КРЫМ', 'СИМФЕРОПОЛЬ', 'КИЕВСКАЯ'];[];[];[0, 0, 7, 0];0;0;7;0;0;7;0;0;0
716002859;"АО ""ЭСК"" (г.Прохладный)";ao-esk.ru;ao-esk.ru;#Н/Д;['ЭСК'];[];[];[2, 0, 0, 0];[];[];2;0;0;0;0;0;0;0;0
6164266561;"ПАО ""МРСК Юга""";mrsk-yuga.ru;mrsk-yuga.ru;0;['МРСК', 'ЮГА'];['МЕЖРЕГИОНАЛЬНАЯ', 'РАСПРЕДЕЛИТЕЛЬНАЯ', 'СЕТЕВАЯ'];['РОСТОВ-НА-ДОНУ', 'САДОВАЯ'];[120, 6, 2, 1];[];[];129;0;0;2;0;0;1;0;0
3702736140;"АО ""Солнечный ветер""";tplusgroup.ru;activity/ao-solnechnyi-veter/;0;['СОЛНЕЧНЫЙ', 'ВЕТЕР'];[];['ОРЕНБУРГСКАЯ', 'ОРЕНБУРГ', 'АКСАКОВА'];[2, 0, 10, 0];[10, 0, 1, 0];[];12;11;0;10;1;0;0;0;0
7743788497;"ООО ""ГЭК""";gek2.ru;gek2.ru;0;['ГЭК'];['ГЕНЕРАЛЬНАЯ', 'ЭНЕРГЕТИЧЕСКАЯ'];['МОСКВА'];[10, 5, 0, 0];[];[];15;0;0;0;0;0;0;0;0
5024173259;"ООО ""ЕЭС-Гарант""";ies-garant.ru;ies-garant.ru;0;['ЕЭС-ГАРАНТ'];[];['МОСКОВСКАЯ', 'АВТОДОРОГА', 'ТЕР', 'СТРОЕНИЕ'];[17, 0, 8, 1];[];[];26;0;0;8;0;0;1;0;0
7840320023;"ООО ""Ветропарки ФРВ""";fortum.ru;ooo-vetroparki-frv;http://fortum.com;['ВЕТРОПАРКИ', 'ФРВ'];[];['МОСКВА', 'ПРЕСНЕНСКАЯ'];[0, 0, 0, 0];[12, 0, 0, 0];[0, 0, 0, 0];0;12;0;0;0;0;0;0;0
6330017980;"АО ""ННК""";nnk.ru;nnk.ru;#Н/Д;['ННК'];[];[];[8, 0, 0, 0];[];[];8;0;0;0;0;0;0;0;0
7729663922;"ООО ""РТ-Энерго""";rtenergy.ru;rtenergy.ru;0;['РТ-ЭНЕРГО'];['РТ-ЭНЕРГОЭФФЕКТИВНОСТЬ'];['МОСКВА', 'УДАЛЬЦОВА'];[14, 2, 1, 0];[];[];17;0;0;1;0;0;0;0;0
2636053932;"ООО ""Умные Системы""";s7-1500.ru;s7-1500.ru;0;['УМНЫЕ', 'СИСТЕМЫ'];[];['СТАВРОПОЛЬСКИЙ', 'СТАВРОПОЛЬ', 'КУЛАКОВА'];[21, 0, 0, 0];[];[];21;0;0;0;0;0;0;0;0
917031779;"ООО ""Южэнергострой""";южэнергострой.рф;;0;['ЮЖЭНЕРГОСТРОЙ'];[];['КАРАЧАЕВО-ЧЕРКЕССКАЯ', 'ЧЕРКЕССК', 'СЕВЕРНЫЙ'];[4, 0, 1, 0];[];[];5;0;0;1;0;0;0;0;0
9705068572;"ООО ""АГК-1""";w2e.ru;;0;['АГК-1'];['АЛЬТЕРНАТИВНАЯ', 'ГЕНЕРИРУЮЩАЯ', 'КОМПАНИЯ-1'];['МОСКОВСКАЯ', 'АВТОДОРОГА', 'ТЕР', 'КОМНАТЫ'];[1, 4, 4, 0];[];[];9;0;0;4;0;0;0;0;0
2309137928;"ООО ""Квант""";npp-kvant.ru;tvkvant.ru;0;['КВАНТ'];[];['КРАСНОДАРСКИЙ', 'КРАСНОДАР', 'КУЗНЕЧНАЯ'];[4, 0, 0, 0];[0, 0, 0, 0];[];4;0;0;0;0;0;0;0;0
266029390;"ООО ""НСТЭЦ""";nslvtec.ru;nslvtec.ru;www.nslvtec.ru;['НСТЭЦ'];['НОВО-САЛАВАТСКАЯ', 'ТЭЦ'];['БАШКОРТОСТАН', 'САЛАВАТ'];[4, 41, 30, 24];[];[4, 41, 30, 24];99;0;99;30;0;30;24;0;24
5038110315;"ООО ""ЭСС""";mkess.ru;;0;['ЭСС'];['ЭНЕРГОСБЫТСЕРВИС'];['МОСКОВСКАЯ', 'ЛЮБЕРЦЫ', 'МОСКОВСКАЯ'];[3, 0, 0, 0];[];[];3;0;0;0;0;0;0;0;0
233007263;"ООО ""Бугульчанская СЭС""";energocontract-orenburg.ru;Отделы;0;['БУГУЛЬЧАНСКАЯ', 'СЭС'];['СОЛНЕЧНАЯ', 'ЭЛЕКТРОСТАНЦИЯ'];['БАШКОРТОСТАН', 'КУЮРГАЗИНСКИЙ', 'БУГУЛЬЧАН', 'ШОССЕЙНАЯ'];[1, 0, 0, 0];[1, 0, 0, 0];[];1;1;0;0;0;0;0;0;0
7704440018;"ООО ""ЭСВ""";esbvolga.ru;esbvolga.ru;0;['ЭСВ'];['ЭНЕРГОСБЫТ', 'ВОЛГА'];['ВЛАДИМИРСКАЯ', 'ВЛАДИМИР', 'ОКТЯБРЬСКИЙ'];[3, 3, 2, 1];[];[];9;0;0;2;0;0;1;0;0
7706284445;"ООО ""ЭНЕРГОПРОМСБЫТ""";energopromsbyt.ru;energopromsbyt.ru;0;['ЭНЕРГОПРОМСБЫТ'];[];['МОСКВА', 'ЯКИМАНКА'];[3, 0, 1, 0];[];[];4;0;0;1;0;0;0;0;0
1328013309;"ООО ""МЭК"" (г.Саранск)";eltos.ru;;0;['МЭК'];['МОРДОВСКАЯ', 'ЭНЕРГЕТИЧЕСКАЯ'];['МОРДОВИЯ', 'САРАНСК', 'ПРОЛЕТАРСКАЯ'];[2, 0, 3, 0];[];[];5;0;0;3;0;0;0;0;0
7204084481;"АО ""Антипинский НПЗ""";annpz.ru;annpz.ru;www.annpz.ru;['АНТИПИНСКИЙ', 'НПЗ'];['НЕФТЕПЕРЕРАБАТЫВАЮЩИЙ'];['ТЮМЕНЬ', 'ТРАКТА', 'СТР'];[121, 7, 12, 10];[];[121, 7, 12, 10];150;0;150;12;0;12;10;0;10
2460087269;"АО ""КрасЭКо""";kraseco24.ru;kraseco24.ru;антикоравто.рф;['КРАСЭКО'];['КРАСНОЯРСКАЯ', 'РЕГИОНАЛЬНАЯ', 'ЭНЕРГЕТИЧЕСКАЯ'];['КРАСНОЯРСК', 'МАРКОВСКОГО'];[];[];[];0;0;0;0;0;0;0;0;0
3812142445;"ООО ""ЕвроСибЭнерго-Гидрогенерация""";hydropower.ru;…ooo-evrosibenergo-gidrogeneratsiya/;0;['ЕВРОСИБЭНЕРГО-ГИДРОГЕНЕРАЦИЯ'];[];['ИРКУТСКАЯ', 'ИРКУТСК', 'СУХЭ-БАТОРА'];[4, 0, 0, 0];[0, 0, 0, 0];[];4;0;0;0;0;0;0;0;0
7731382319;"ООО ""Тераватт""";terawatt-group.com;zachestnyibiznes.ru;0;['ТЕРАВАТТ'];[];['МОСКВА', 'ПРЕСНЕНСКАЯ'];[0, 0, 0, 0];[0, 0, 2, 0];[];0;2;0;0;2;0;0;0;0
8901030855;"АО ""Салехардэнерго""";slenergo.ru;slenergo.ru;0;['САЛЕХАРДЭНЕРГО'];[];['ТЮМЕНСКАЯ', 'САЛЕХАРД', 'ЯМАЛЬСКАЯ'];[15, 0, 18, 0];[];[];33;0;0;18;0;0;0;0;0
7812013775;"АО ""ПЭС""";pes.spb.ru;lenenergo.ru;http://zyryan.ru;['ПЭС'];['ПЕТРОЭЛЕКТРОСБЫТ'];['САНКТ-ПЕТЕРБУРГ', 'МИХАЙЛОВА'];[];[0, 0, 4, 0];[0, 0, 0, 0];0;4;0;0;4;0;0;0;0
7703435054;"ООО ""Энергия ветра""";sev.ru;energiya-vetra.tiu.ru;0;['ЭНЕРГИЯ', 'ВЕТРА'];[];['МОСКВА', 'ВСПОЛЬНЫЙ'];[22, 0, 2, 0];[26, 0, 2, 0];[];24;28;0;2;2;0;0;0;0
6671163413;"ОАО ""МРСК Урала""";mrsk-ural.ru;mrsk-ural.ru;www.merlinural.ru;['МРСК', 'УРАЛА'];['МЕЖРЕГИОНАЛЬНАЯ', 'РАСПРЕДЕЛИТЕЛЬНАЯ', 'СЕТЕВАЯ'];['ЕКАТЕРИНБУРГ', 'ЛИБКНЕХТА'];[30, 4, 3, 0];[];[0, 0, 1, 0];37;0;1;3;0;1;0;0;0
2460105567;"ООО ""ЭК Сибири""";sibgenco.ru;about/company/sales-of…ooo-ek-sibiri/;0;['СИБИРИ'];['ЭНЕРГОСБЫТОВАЯ'];['КРАСНОЯРСКИЙ', 'КРАСНОЯРСК', 'БОГРАДА'];[0, 0, 1, 0];[3, 0, 18, 0];[];1;21;0;1;18;0;0;0;0
5024117977;КЭС-Энергосбыт, ЗАО;energybase.ru;Генерирующие компании;#Н/Д;[];[];[];[0, 0, 0, 0];[0, 0, 0, 0];[];0;0;0;0;0;0;0;0;0
7728662661;"ПАО ""Россети""";rosseti.ru;rosseti.ru;#Н/Д;['РОССЕТИ'];[];[];[24, 0, 0, 0];[];[];24;0;0;0;0;0;0;0;0
7729438685;Ассоциация ГП и ЭСК;npgp.ru;facebook.com;#Н/Д;[];[];[];[0, 0, 0, 0];[0, 0, 0, 0];[];0;0;0;0;0;0;0;0;0
7706757331;"АО ""ОТЭК""";oao-otek.ru;oao-otek.ru;0;['ОТЭК'];['ОБЪЕДИНЁННАЯ', 'ТЕПЛОЭНЕРГЕТИЧЕСКАЯ'];['МОСКВА', 'ПОГОРЕЛЬСКИЙ'];[10, 0, 2, 1];[];[];13;0;0;2;0;0;1;0;0
7703439242;"ООО ""ППК""";ppk-eco.ru;;0;['ППК'];['ПЯТАЯ', 'ПРОЕКТНАЯ'];['МОСКВА', 'ПРЕСНЕНСКАЯ'];[0, 0, 0, 0];[];[];0;0;0;0;0;0;0;0;0
9701098248;"АО ""ВетроОГК-2""";novawind.ru;disclosure/vetroogk2/;0;['ВЕТРООГК-2'];['ВЕТРОЭНЕРГЕТИЧЕСКАЯ', 'ОТДЕЛЬНАЯ', 'ГЕНЕРИРУЮЩАЯ', 'КОМПАНИЯ-2'];['МОСКВА', 'ЩИПОК'];[2, 0, 0, 0];[5, 24, 0, 0];[];2;29;0;0;0;0;0;0;0
7604193710;"ООО ""ТГК-2 Энергосбыт""";tgc2-energo.ru;tgc2-energo.ru;0;['ТГК-2', 'ЭНЕРГОСБЫТ'];[];['АРХАНГЕЛЬСКАЯ', 'АРХАНГЕЛЬСК', 'КАНАЛ'];[14, 0, 82, 2];[];[];98;0;0;82;0;0;2;0;0
3305721789;"ООО ""ПЭК""";PECom.ru;PECom.ru;0;['ПЭК'];['ПРОИЗВОДСТВЕННАЯ', 'ЭНЕРГОСБЫТОВАЯ'];['ВЛАДИМИРСКАЯ', 'КОВРОВ', 'МАШИНОСТРОИТЕЛЕЙ'];[35, 0, 0, 0];[];[];35;0;0;0;0;0;0;0;0
2632105932;"ООО ""СК-Энергосбыт""";sk-energosbit.ru;sk-energosbit.ru;0;['СК-ЭНЕРГОСБЫТ'];[];['СТАВРОПОЛЬСКИЙ', 'ПЯТИГОРСК', 'СВОБОДЫ', 'КОСМОДЕМЬЯНСКОЙ'];[];[];[];0;0;0;0;0;0;0;0;0
2536293916;"ООО ""ВЭК""";ve-c.ru;vec36.ru;0;['ВЭК'];['ВОСТОЧНАЯ', 'ЭНЕРГОСБЫТОВАЯ'];['ПРИМОРСКИЙ', 'ВЛАДИВОСТОК', 'СВЕТЛАНСКАЯ'];[4, 0, 0, 0];[9, 0, 0, 0];[];4;9;0;0;0;0;0;0;0
5024170498;"ООО ""Регионы-Энерго""";regionsenergo.ru;regionsenergo.ru;0;['РЕГИОНЫ-ЭНЕРГО'];[];['МОСКОВСКАЯ', 'КРАСНОГОРСК', 'ЗНАМЕНСКАЯ'];[0, 0, 5, 1];[];[];6;0;0;5;0;0;1;0;0
7703438009;"ООО ""Первый Ветропарк ФРВ""";vetroparki.ru;;0;['ПЕРВЫЙ', 'ВЕТРОПАРК', 'ФРВ'];[];['МОСКВА', 'ПРЕСНЕНСКАЯ'];[18, 0, 0, 0];[];[];18;0;0;0;0;0;0;0;0
6324049550;"ООО ""ПЭСК""";gkpesk.ru;pesk59.ru;0;['ПЭСК'];['ПОВОЛЖСКАЯ', 'ЭНЕРГОСБЫТОВАЯ'];['САМАРСКАЯ', 'ТОЛЬЯТТИ', 'КОММУНИСТИЧЕСКАЯ'];[0, 0, 0, 0];[1, 0, 0, 0];[];0;1;0;0;0;0;0;0;0
7723408549;"ООО ""ОЭСК""";оэск.рф;elektroseti.com;0;['ОЭСК'];['ОБЪЕДИНЕННАЯ', 'ЭЛЕКТРОСЕТЕВАЯ'];['МОСКВА', 'ТРОФИМОВА'];[20, 8, 2, 0];[14, 0, 0, 0];[];30;14;0;2;0;0;0;0;0
2130091901;"ООО ""НЭСК""";nesk.ru;nesk71.ru;0;['НЭСК'];['НЕЗАВИСИМАЯ', 'ЭНЕРГОСБЫТОВАЯ'];['ЧУВАШИЯ', 'ЧЕБОКСАРЫ', 'ДЕКАБРИСТОВ'];[5, 5, 0, 0];[5, 5, 0, 0];[];10;10;0;0;0;0;0;0;0
7736317095;"ООО ""ССК""";gkcck.ru;sibserv.com;0;['ССК'];[];['ВОЛОГОДСКАЯ', 'ВОЛОГДА', 'ЗОСИМОВСКАЯ'];[9, 0, 0, 0];[10, 0, 0, 0];[];9;10;0;0;0;0;0;0;0
7453215550;"АО ""Энергосбыт""";esplus.ru;about/;0;['ЭНЕРГОСБЫТ'];[];['ЧЕЛЯБИНСКАЯ', 'ЧЕЛЯБИНСК', 'ЭНГЕЛЬСА'];[10, 0, 0, 0];[14, 0, 0, 0];[];10;14;0;0;0;0;0;0;0
2411021106;"ООО ""Энерговыбор-Сибирь""";ooo-energovyborsibir.russia-opt.com;;0;['ЭНЕРГОВЫБОР-СИБИРЬ'];[];['КРАСНОЯРСКИЙ', 'ЕМЕЛЬЯНОВСКИЙ', 'ШУВАЕВО', 'ТРАКТА'];[2, 0, 5, 3];[];[];10;0;0;5;0;0;3;0;0
8602171819;"ООО ""НЭП""";proekt-nep.ru;nep.expert;www.tmesk.ru;['НЭП'];['НЕЗАВИСИМОЕ', 'ЭНЕРГОСБЫТОВОЕ', 'ПРЕДПРИЯТИЕ'];['АВТОНОМНЫЙ', 'СУРГУТ', 'МИРА'];[0, 0, 0, 0];[6, 2, 0, 0];[0, 0, 6, 2];0;8;8;0;0;6;0;0;2
1433015048;"АО ""Вилюйская ГЭС-3""";shpp.ru;shpp.ru;0;['ВИЛЮЙСКАЯ', 'ГЭС-3'];[];['УЛУС', 'СВЕТЛЫЙ', 'ВОРОПАЯ'];[26, 0, 1, 0];[];[];27;0;0;1;0;0;0;0;0
7714974474;"ООО ""РЭК.""";ooo-rec.ru;ooo-rec.ru;0;['РЭК.'];['РИТЕЙЛ', 'ЭНЕРГО', 'КОНСАЛТ'];['САРАТОВСКАЯ', 'САРАТОВ', 'ШЕЛКОВИЧНАЯ'];[5, 0, 0, 0];[];[];5;0;0;0;0;0;0;0;0
273914980;"ООО ""ЭСКБ-Развитие""";razv.bashesk.ru;razv.bashesk.ru;0;['ЭСКБ-РАЗВИТИЕ'];[];['БАШКОРТОСТАН', 'УФА', 'ЧЕРНИКОВСКАЯ'];[];[];[];0;0;0;0;0;0;0;0;0
9709006506;"ООО ""МТС ЭНЕРГО""";mts-energo.ru;mts-energo.ru;0;['МТС', 'ЭНЕРГО'];[];['МОСКВА'];[0, 0, 0, 0];[];[];0;0;0;0;0;0;0;0;0
7453313477;"ООО ""Уралэнергосбыт""";uralsbyt.ru;uralsbyt.ru;0;['УРАЛЭНЕРГОСБЫТ'];['УРАЛЬСКАЯ', 'ЭНЕРГОСБЫТОВАЯ'];['ЧЕЛЯБИНСКАЯ', 'ЧЕЛЯБИНСК', 'ЛЕНИНА'];[8, 1, 4, 1];[];[];14;0;0;4;0;0;1;0;0
3109004440;"ООО ""Мираторг-Энерго""";miratorg.ru;ooo-miratorg-energo/;0;['МИРАТОРГ-ЭНЕРГО'];[];['БЕЛГОРОДСКАЯ', 'ИВНЯ', 'ШОССЕЙНАЯ'];[1, 0, 1, 0];[8, 0, 2, 0];[];2;10;0;1;2;0;0;0;0
2334024237;"ООО ""Южная энергосбытовая компания""";kubanusk.ru;;0;['ЮЖНАЯ', 'ЭНЕРГОСБЫТОВАЯ'];[];['КРАСНОДАРСКИЙ', 'КАНЕВСКОЙ', 'КАНЕВСКАЯ', 'РОСТОВСКАЯ'];[14, 0, 0, 0];[];[];14;0;0;0;0;0;0;0;0
2308259377;"ООО ""НЭК""";nek2000.ru;nek.ru;0;['НЭК'];['НОВАЯ', 'ЭНЕРГЕТИЧЕСКАЯ'];['КРАСНОДАРСКИЙ', 'КРАСНОДАР', 'РАШПИЛЕВСКАЯ'];[6, 0, 0, 0];[6, 1, 0, 0];[];6;7;0;0;0;0;0;0;0
7703471447;"ООО ""Новая энергия""";gen-newenergy.ru;nskenergo.ru;0;['НОВАЯ', 'ЭНЕРГИЯ'];[];['МОСКВА', 'ПРЕСНЕНСКАЯ'];[18, 0, 3, 0];[12, 0, 0, 0];[];21;12;0;3;0;0;0;0;0
7725567512;"ООО ""МСК Энерго""";msk-energo.ru;;0;['МСК', 'ЭНЕРГО'];[];['МОСКВА', 'РАМЕНКИ'];[23, 0, 5, 2];[];[];30;0;0;5;0;0;2;0;0
7708341064;"ООО ""ЭнергоПрофит""";enprofit.ru;energo-profit.com;0;['ЭНЕРГОПРОФИТ'];[];['МОСКВА', 'МИЛЮТИНСКИЙ'];[9, 0, 0, 0];[11, 0, 1, 0];[];9;12;0;0;1;0;0;0;0
7449070380;"ООО ""Перспектива""";promo.anapolisdom.ru;перспектива компания;0;['ПЕРСПЕКТИВА'];[];['ЧЕЛЯБИНСКАЯ', 'ЧЕЛЯБИНСК', 'ПОБЕДЫ'];[0, 0, 0, 0];[0, 0, 0, 0];[];0;0;0;0;0;0;0;0;0
1701041247;"АО ""Кызылская ТЭЦ""";kyzyl-tec.ru;sibgenco.ru;0;['КЫЗЫЛСКАЯ', 'ТЭЦ'];[];['КЫЗЫЛ', 'КОЛХОЗНАЯ'];[17, 0, 10, 1];[1, 0, 0, 0];[];28;1;0;10;0;0;1;0;0
6704000505;"ПАО ""Дорогобуж""";acron.ru;the-geography-of-business/dorogobuzh/;0;['ДОРОГОБУЖ'];[];['СМОЛЕНСКАЯ', 'ДОРОГОБУЖСКИЙ', 'ВЕРХНЕДНЕПРОВСКИЙ'];[];[];[];0;0;0;0;0;0;0;0;0
5503248039;"ООО ""ОЭК""";uneco.ru;omesc.ru;0;['ОЭК'];['ОМСКАЯ', 'ЭНЕРГОСБЫТОВАЯ'];['ОМСКАЯ', 'ОМСК', 'ПАРТИЗАНСКАЯ'];[10, 0, 0, 0];[5, 6, 10, 0];[];10;21;0;0;10;0;0;0;0
6950003956;"АО ""МЭС""";mures.ru;mures.ru;0;['МЭС'];['МЕЖРЕГИОНЭНЕРГОСБЫТ'];['ТВЕРСКАЯ', 'ТВЕРЬ', 'НОВГОРОДА'];[5, 0, 0, 0];[];[];5;0;0;0;0;0;0;0;0
3435701575;"ООО ""Овощевод""";botanika-only.ru;botanika-only.ru;http://ovoshevod.org.ru;['ОВОЩЕВОД'];[];['ВОЛГОГРАДСКАЯ', 'ВОЛЖСКИЙ', 'АЛЕКСАНДРОВА'];[3, 0, 5, 1];[];[];9;0;0;5;0;0;1;0;0
1324002296;"ООО ""РегионЭлектроСбыт""";res-elektro.ru;res-elektro.ru;0;['РЕГИОНЭЛЕКТРОСБЫТ'];['ЭЛЕКТРОСБЫТОВАЯ', 'РЕГИОНОВ'];['МОРДОВИЯ', 'САРАНСК', 'БОЛЬШЕВИСТСКАЯ'];[5, 0, 0, 0];[];[];5;0;0;0;0;0;0;0;0
2311161607;"ООО ""КНГК-Энерго""";kngk-energo.ru;;0;['КНГК-ЭНЕРГО'];[];['КРАСНОДАРСКИЙ', 'КРАСНОДАР'];[9, 0, 1, 1];[];[];11;0;0;1;0;0;1;0;0
